global_scenario_id,local_scenario_id,source_folder,seed,thrust_angle_deg,mu,a,e,nu,m,I_diag,N,tf,epsilon,rs,n_agents,x0_r,x0_v,x0_phi,x0_omega,xf_r,xf_v,xf_phi,xf_omega
1,1,baseline_20260822_180915,1787418555,1.0,398000000000000.0,7683213.836227221,0.23874366496110322,0.017453292519943295,88.54185068352466,"[34744.92458178159, 59079.34405651258, 90000.82324931017]",46,465.1295207491603,1.4663118683824302e-05,"[[-38.17482803951005, -6.484566659601195, 15.851839664792847], [13.15070304401874, 4.088534628597216, -2.3305354370449494], [-7.215982907598498, -5.7987236543768015, -11.06827447449407], [-5.826867768502307, 2.102749125969741, 5.79919800197011], [-8.659157828144146, -18.038134465205776, -27.16497164958558], [1.8345626526115857, 27.43034910676916, 6.598389925331906]]",6,"[0, 0, 0]","[0, 0, 0]","[0, 0, 0]","[0, 0, 0]","[15.202031426389112, -156.06915212142607, -338.4509354415852]","[0, 0, 0]","[0.6684324126428219, -0.45444019643164024, 2.7531350685058973]","[0, 0, 0]"
2,2,baseline_20260822_180915,1787418556,1.0,398000000000000.0,8035394.236431905,0.28727567031455936,0.017453292519943295,446.75224610802974,"[299451.7042628111, 492987.5734313504, 682908.320757053]",89,898.8961535669193,2.399721561554072e-06,"[[1.9247586243950585, -18.11507025101714, 23.35639075555805], [-36.68095300752676, 1.0566969726659377, -15.377714112206155], [4.594535849550768, 2.034280348476313, -3.0772480966072377], [-5.715861304555892, -21.454785869007857, -34.360810627028265], [-11.284662399876693, -26.555795355748586, 10.986761979028989], [-3.6195429246529254, 30.060451026789277, -11.088592947680066]]",6,"[0, 0, 0]","[0, 0, 0]","[0, 0, 0]","[0, 0, 0]","[-404.64051060016754, 71.80645724687665, -69.89391787756706]","[0, 0, 0]","[-0.04712878155098095, 0.7199354897057293, 0.6252970518580652]","[0, 0, 0]"
3,3,baseline_20260822_180915,1787418557,1.0,398000000000000.0,7228928.491850562,0.2119916816700458,0.017453292519943295,394.2136729086764,"[429952.6052235017, 499433.2933925824, 677103.55422365]",81,817.4336918235563,2.9741465287621974e-05,"[[10.999278574060899, -4.070997373014931, 46.32962924349419], [-14.93832739089823, 8.94429141852974, -17.330384380863894], [2.9747924220841893, -2.2133949719855313, 6.746803289512834], [24.03546167441303, -36.40400685167326, 18.957377557031922], [-5.053769205900217, -23.300141341580577, -17.910506813915298], [-13.42653108295253, 7.595827145981492, -12.432512610522743]]",6,"[0, 0, 0]","[0, 0, 0]","[0, 0, 0]","[0, 0, 0]","[-113.92498577611606, 353.7870848650168, -116.14400674278035]","[0, 0, 0]","[-1.496700813203587, -0.6247686861024506, 1.771203897037357]","[0, 0, 0]"
4,4,baseline_20260822_180915,1787418558,1.0,398000000000000.0,8167789.547663637,0.16059133114575558,0.017453292519943295,167.35293117799296,"[45699.43548968952, 130222.21905860856, 157694.23487925885]",34,342.3244111471365,7.997026965219304e-05,"[[2.7780638434705884, 3.4086674481284134, -43.87651262437536], [-17.442601339828364, -5.964490430728235, 43.469948267797506], [4.6200744491302155, 2.527643652060259, 1.5635642706161972], [15.182792391112347, -14.63104808106706, -9.18815930203226], [26.29637652531637, -0.3964460932196685, -22.801202847834023], [-12.175398006130138, -2.586882015710875, -9.494739689591286]]",6,"[0, 0, 0]","[0, 0, 0]","[0, 0, 0]","[0, 0, 0]","[529.6928675133203, -203.25369655723392, -347.8582971357159]","[0, 0, 0]","[-1.0389441782706563, 0.1551248481363453, -2.5246556037521675]","[0, 0, 0]"
5,5,baseline_20260822_180915,1787418559,1.0,398000000000000.0,7586103.767588094,0.18875382873374416,0.017453292519943295,319.32670341229664,"[151021.76581491105, 381281.1330814009, 393615.73563626973]",56,563.1899886724938,5.395725162532952e-06,"[[-37.33308138826932, 4.143173319355397, -23.567419758436557], [-1.240732420050688, -13.55162174896597, 1.3210867318362969], [3.746086377907325, -30.155773976474247, -26.98126315449516], [10.752432694100731, 17.779520486709124, -28.020013165418398], [-12.571028828958534, -8.819712447902539, -22.70688422261116], [-11.489286185724152, 8.562593794937047, -9.736180419495332]]",6,"[0, 0, 0]","[0, 0, 0]","[0, 0, 0]","[0, 0, 0]","[3.4954279552358947, -162.98738695730967, 74.7116967815542]","[0, 0, 0]","[1.2019886579514238, 0.5762149783126433, -1.8542409576539725]","[0, 0, 0]"
6,6,baseline_20260822_180915,1787418560,1.0,398000000000000.0,7177900.897210685,0.18432304343994854,0.017453292519943295,9.46783249142053,"[10732.107831017353, 10908.136483420103, 20464.182875822033]",40,402.93000045095533,4.0891330041993035e-05,"[[-29.895689497810135, 13.883668370738661, 14.83711765616653], [-3.137539198980851, -8.18219189867673, -8.630508239610878], [-21.64815545276822, -19.14077235977433, -35.56868407976919], [20.682704437572788, 43.1707913698702, -12.172676700059194], [14.579607267108859, 15.427038193423165, 14.177984106905875], [18.784530295258968, 18.311965525507702, -39.656030526549706]]",6,"[0, 0, 0]","[0, 0, 0]","[0, 0, 0]","[0, 0, 0]","[52.58658794025583, 28.24997681168954, 7.309871613039805]","[0, 0, 0]","[-0.839111700762841, -0.6895329585251961, 0.9449795064729581]","[0, 0, 0]"
7,7,baseline_20260822_180915,1787418561,1.0,398000000000000.0,7478324.981768733,0.11630912661676439,0.017453292519943295,55.89993548519455,"[55462.76620535645, 56370.835598920654, 96982.19973790158]",35,356.8988477018862,3.4782424051258294e-05,"[[10.824333954887825, 3.444490137610775, -27.183047996325048], [-4.833171005239699, 17.45107753909473, -37.91938911996228], [26.935127209827016, -12.796492503470986, 20.132971342850546], [-6.655976438278077, 6.988010275813404, -39.226340444644755], [35.522192205019834, 21.714551894153185, -25.591586006087045], [21.68393413022399, -2.011085236482243, 24.383320635066816]]",6,"[0, 0, 0]","[0, 0, 0]","[0, 0, 0]","[0, 0, 0]","[-93.96953290483292, -289.49774815941777, 224.5759499196233]","[0, 0, 0]","[-0.5678090072082448, -2.090337664700023, 1.0835488564658244]","[0, 0, 0]"
8,8,baseline_20260822_180915,1787418562,1.0,398000000000000.0,8158779.400063837,0.21698263915075847,0.017453292519943295,275.02299409402895,"[278284.801256751, 316430.4494272744, 378371.12591681466]",45,452.39372652394434,6.183742461022031e-05,"[[-35.1539858237517, 12.723702551784962, -17.981320931000706], [-37.0811775619377, -22.097463421161038, -19.06353464694828], [20.423060724904456, 18.37386614917756, 9.777843664026475], [14.601412779524827, 12.960231131619805, -11.610398093343756], [-22.459005611467102, 4.055794244907275, -30.80377242586615], [-23.40527603872584, -12.459089223954653, -0.08600238601614475]]",6,"[0, 0, 0]","[0, 0, 0]","[0, 0, 0]","[0, 0, 0]","[-187.04910819101218, -271.17906118749437, -411.4780542015148]","[0, 0, 0]","[-0.7495172140974953, -2.7688019254185643, -0.5562188836843429]","[0, 0, 0]"
9,9,baseline_20260822_180915,1787418563,1.0,398000000000000.0,7940047.883002028,0.25893038787683254,0.017453292519943295,111.8508371176238,"[147346.56638213128, 170787.65692218256, 231034.3889675806]",31,311.87447282229334,8.803302072587664e-05,"[[-6.274899260013118, -9.511532925749295, 1.094002168845704], [-21.751522144499422, -23.639286007402543, 2.503854358055712], [45.45095124679412, -19.365787070366522, -3.8511793846356692], [-21.143483781045997, -8.617555984124209, -4.070944812715107], [31.911788361181944, 5.372479447757805, 1.496300609039043], [9.866479214601966, 35.16284316546935, -6.179722352692228]]",6,"[0, 0, 0]","[0, 0, 0]","[0, 0, 0]","[0, 0, 0]","[161.03147850539366, -305.5146341689838, -96.8091454430564]","[0, 0, 0]","[-1.2677990978627374, 0.3814931012801333, -0.23438452933470882]","[0, 0, 0]"
10,10,baseline_20260822_180915,1787418564,1.0,398000000000000.0,7802417.685190478,0.07068900794197353,0.017453292519943295,164.57523766548866,"[143221.3038356106, 163595.4334575918, 187859.8796784944]",54,542.5740995960425,3.6837005913634836e-05,"[[10.294421353234593, 24.284745315533435, -7.317148286410976], [-5.5961272199509535, 9.919182988922987, -23.981247361767146], [7.2575287226554, 16.640702240252153, -40.79396303619633], [-15.555880133506726, -31.477707418739044, 2.3931680570480793], [14.383131699068347, 19.12406221911184, -33.783755651093735], [0.5377852020730858, 5.442084992893864, 5.176417511603611]]",6,"[0, 0, 0]","[0, 0, 0]","[0, 0, 0]","[0, 0, 0]","[787.7791410725324, -391.2069376516552, -85.0409889884315]","[0, 0, 0]","[-1.4793649836118459, 1.0233677160425676, -1.0223275781154897]","[0, 0, 0]"
11,11,baseline_20260822_180915,1787418565,1.0,398000000000000.0,7410858.723662308,0.2154013128116982,0.017453292519943295,303.21392239127806,"[93365.60350538262, 216734.31941204792, 281999.2914327249]",45,452.0419840755028,8.784053773061152e-05,"[[3.8853632780489824, 4.536130740490859, -4.275908602542404], [-16.272829105893766, 12.504490928362134, 13.413652595424796], [-6.526487664642104, -15.141110780930163, -12.70159402071718], [11.422063563336302, -12.1713635004557, 6.172079228116339], [4.99282389919455, 5.539107907869552, -3.2382897914339517], [-37.23103804002679, -1.1519920915264845, -3.9288564571052875]]",6,"[0, 0, 0]","[0, 0, 0]","[0, 0, 0]","[0, 0, 0]","[-180.16759497124585, 216.89329490082542, 6.779856873330722]","[0, 0, 0]","[1.5639939050626408, 2.492011623065563, 0.8552762546199515]","[0, 0, 0]"
12,12,baseline_20260822_180915,1787418566,1.0,398000000000000.0,7088386.20327867,0.16452627075747436,0.017453292519943295,21.116163299943643,"[7761.602350363451, 33472.1672150504, 38187.777675624755]",66,662.3096352140608,2.2582257996612875e-05,"[[8.805461743843836, -2.366892644132139, 5.349859143539094], [30.175041353382284, 2.107592597179861, 2.1323514936729695], [-15.046886239945735, -5.745561317239771, 15.465260555952906], [-45.93225645389505, 11.553565702028656, -3.978645445216539], [-19.27018585432644, -36.29882165347964, -5.911303326977854], [3.481619817295517, 23.80809975887464, -12.099664958435365]]",6,"[0, 0, 0]","[0, 0, 0]","[0, 0, 0]","[0, 0, 0]","[47.665891634423794, -44.32930011644943, 200.51811890147033]","[0, 0, 0]","[-0.19774530411410382, 0.004655291074707026, -0.39043704402117985]","[0, 0, 0]"
13,13,baseline_20260822_180915,1787418567,1.0,398000000000000.0,8197831.045329266,0.25920698664998776,0.017453292519943295,408.58836096616403,"[271003.89090340486, 343333.03876734705, 397645.39157418435]",31,314.56824872562004,7.883063646048658e-05,"[[-19.29957479699333, -13.339669508500705, -29.407818472606984], [-9.392775959132731, 8.561328409824736, -28.6747543762311], [-40.9199808098261, -8.096030030230274, 21.797352799436478], [-9.759553226697037, 18.716425812893903, -1.8283241344322574], [-12.97504366450964, 9.804657935318168, -15.033209534765135], [-10.044094879291636, -7.694941900028707, -43.8005666321089]]",6,"[0, 0, 0]","[0, 0, 0]","[0, 0, 0]","[0, 0, 0]","[119.64579571270134, 119.82273622454179, -16.039690582973645]","[0, 0, 0]","[-0.3107576250721103, 0.15416555749898272, -1.1267465867059858]","[0, 0, 0]"
14,14,baseline_20260822_180915,1787418568,1.0,398000000000000.0,8237030.4421875095,0.1252136607262026,0.017453292519943295,162.6909140599708,"[101345.48705570583, 176930.4505618584, 255491.44914690396]",34,347.881938845795,3.0351039590804686e-06,"[[3.356130639699606, -7.079192825174436, -2.5914977320251658], [-39.44502029502803, -15.90823653640526, -15.588420661351938], [23.2604324202201, 38.93352967803632, 6.851519841073174], [35.99388119895408, -5.674038555030674, -22.576310746425168], [4.398486813525392, 2.2655971609350156, -10.095067389596949], [-21.927319463933106, 18.373914854591714, 9.056129280657357]]",6,"[0, 0, 0]","[0, 0, 0]","[0, 0, 0]","[0, 0, 0]","[561.3193924276793, 204.01608531113752, 731.1992426065618]","[0, 0, 0]","[-0.08935337693442953, 0.8049650735717502, -0.05697305001127688]","[0, 0, 0]"
15,15,baseline_20260822_180915,1787418569,1.0,398000000000000.0,7354373.874102192,0.028516566966860293,0.017453292519943295,492.5048273901541,"[328186.2151015835, 573132.1858493012, 853051.0541334995]",35,350.1897626605205,2.7694374479181737e-05,"[[-4.1998343104508, -5.4273996124079105, 7.383274972402071], [7.43454685843175, 11.996519571891287, 22.920180220766195], [5.747308703713157, 14.030745392319844, -3.9035996886042077], [0.8580976621577964, -35.89488504730342, 30.078999995752326], [-7.5088052506083685, -11.74539469227966, 16.76820931872794], [5.643376584652198, -11.058162180826104, -7.519027119743128]]",6,"[0, 0, 0]","[0, 0, 0]","[0, 0, 0]","[0, 0, 0]","[661.0410939654205, 25.060735146824968, 388.5817656639831]","[0, 0, 0]","[2.4861752237347736, 0.8700661030085651, 1.50794782983031]","[0, 0, 0]"
16,16,baseline_20260822_180915,1787418570,1.0,398000000000000.0,7683656.019809791,0.202478954027168,0.017453292519943295,143.53793871541967,"[153902.6974574291, 154362.2247820407, 169919.942452292]",73,730.1716513631517,9.512949085965283e-05,"[[12.825551301386794, 0.1471211512204049, -1.0315775982302144], [-1.2160700725094626, -17.256244311487386, 13.696450451579514], [-36.94342434259618, 29.482028142653768, -3.526725450030191], [-11.004797240455312, -3.1803085398779145, -7.47442599316964], [-4.853307323589509, 11.39767160676568, -2.3116038502309926], [3.961987440422048, -18.016667811822654, -10.20362792947309]]",6,"[0, 0, 0]","[0, 0, 0]","[0, 0, 0]","[0, 0, 0]","[491.47830356530847, 250.47716614234142, -90.75880472634645]","[0, 0, 0]","[1.807185905190184, -1.8613282110730272, -1.7433905148136306]","[0, 0, 0]"
17,17,baseline_20260822_180915,1787418571,1.0,398000000000000.0,7587325.223093201,0.27893179824578224,0.017453292519943295,71.14054823001467,"[50941.02194639982, 51793.74166588074, 67479.7621883456]",81,818.4847490887614,5.567823971727117e-05,"[[-1.2264196457471772, -9.767870311954807, 22.752777224334356], [12.691993269174771, -9.577183960041886, 44.44616384437751], [-6.207777360557333, -3.3621408430413617, 15.835423237283075], [-19.163681633059067, 26.413105233129432, 27.469946675596436], [-6.695146685110135, -11.511989656273327, 27.357598401563934], [2.057719157251097, -1.6772605473090045, 8.119061959138879]]",6,"[0, 0, 0]","[0, 0, 0]","[0, 0, 0]","[0, 0, 0]","[656.8843986240898, -653.691976957656, -149.58293530975044]","[0, 0, 0]","[-0.5079174748963354, -1.0251699314748952, 1.4438384439981857]","[0, 0, 0]"
18,18,baseline_20260822_180915,1787418572,1.0,398000000000000.0,8213724.6578605315,0.12924776810562638,0.017453292519943295,449.0275370589136,"[191244.3170774452, 761680.445098867, 782990.9198257064]",88,886.555567162879,3.251459404687573e-05,"[[-1.7882146704783801, 1.4946142068003954, 8.293397634605256], [-4.178921258569527, 9.96262487643733, 44.08607571318934], [0.47515725622574084, 4.138468310642577, 22.93469513760492], [36.31004985443201, -24.351970086742842, -0.6009113316706521], [18.828420069387747, 35.765246946653534, -25.876892453469303], [0.7395054829263136, -0.5371914330449958, -10.503619451893035]]",6,"[0, 0, 0]","[0, 0, 0]","[0, 0, 0]","[0, 0, 0]","[450.1184748998231, -67.57180280179506, -314.66340875637496]","[0, 0, 0]","[-0.8260029867309433, 0.8192145981952136, 0.6089754955636661]","[0, 0, 0]"
19,19,baseline_20260822_180915,1787418573,1.0,398000000000000.0,8024806.176242442,0.2050189139570768,0.017453292519943295,6.247665406165363,"[3646.954433124089, 5924.266412070395, 7545.745908162926]",40,401.37309457833976,9.85550728580337e-05,"[[-4.53169458583591, -33.93597804827569, 31.661792098447034], [13.070366256156955, -4.2830281498265155, -39.18181889163895], [-3.5603378891622746, -5.245856221172668, 6.192512659662362], [-39.527825427843204, 5.926155572478933, -19.74433710030447], [5.571408445184784, -4.31832020892167, -25.072142986309267], [4.430886065626381, 3.0501510763769675, 1.2648611122015092]]",6,"[0, 0, 0]","[0, 0, 0]","[0, 0, 0]","[0, 0, 0]","[288.7022800410021, -16.831112167226667, 119.47220637399813]","[0, 0, 0]","[0.20533159725116581, 2.9088222901542564, -0.6184452293652339]","[0, 0, 0]"
20,20,baseline_20260822_180915,1787418574,1.0,398000000000000.0,7575146.545765687,0.03706615216566544,0.017453292519943295,446.8329312606958,"[159948.64718736734, 595187.0253292973, 722645.6884956306]",32,320.8513882903296,7.858786409144932e-05,"[[-4.323268015946435, -1.2170855262097708, 3.2141767209384575], [22.77152131141206, -5.321858533469353, 9.532355784488477], [7.811293075433691, 4.671417240841727, 10.773591238307926], [-13.220476317678154, 7.45686526124318, 18.748107099844415], [-14.670298372691644, 16.94991759311516, -12.00637133601466], [-11.042908713427481, -36.649936308850215, -22.682782473937205]]",6,"[0, 0, 0]","[0, 0, 0]","[0, 0, 0]","[0, 0, 0]","[222.71670422300093, 144.32209848528825, 42.57376203523192]","[0, 0, 0]","[0.5240785927350341, 0.31444359213834094, 1.7215358252298507]","[0, 0, 0]"
21,21,baseline_20260822_180915,1787418575,2.0,398000000000000.0,7014435.041517557,0.014188392120195509,0.03490658503988659,109.24242467913835,"[59358.35379155719, 168188.63930589368, 208531.3066946997]",34,343.7782205456397,9.041245123777139e-05,"[[28.827657320394955, 6.959656059648942, -21.858933585460502], [8.161194271981401, -5.313177726456784, 7.514845259657986], [3.841803249409863, -6.453007831601826, -15.462147126919804], [21.416212757782624, -27.87270057136475, -8.36993030553594], [-3.157966912973581, 7.4161775029169785, 45.186774556232734], [-11.910589316716036, 12.8222521913237, -13.348506636943947]]",6,"[0, 0, 0]","[0, 0, 0]","[0, 0, 0]","[0, 0, 0]","[-308.3225483727718, 131.58087315505313, 311.1523409777536]","[0, 0, 0]","[0.5450326987957317, -0.9205275059683787, 1.2677869343760877]","[0, 0, 0]"
22,22,baseline_20260822_180915,1787418576,2.0,398000000000000.0,7899917.010617735,0.05954907048557424,0.03490658503988659,274.1897501791973,"[184201.96904833787, 278765.3257175455, 332801.03804916283]",72,722.7863433409765,9.006344582822355e-05,"[[3.2566750422935624, -27.589903297855297, -1.8717885463882347], [6.006302663113864, 24.0761513001357, -19.358107580535012], [-26.795176678080527, -2.0438514450080567, -16.983530551563142], [-32.46683683078807, 1.1440680548321414, -9.789607430466816], [-35.76925993729303, -10.933658821851038, -21.26649989086569], [-30.533511510204626, 6.301449447775974, 26.940054713471806]]",6,"[0, 0, 0]","[0, 0, 0]","[0, 0, 0]","[0, 0, 0]","[-18.324452440406677, 193.34743895886777, -246.6410887234554]","[0, 0, 0]","[0.18725271589548878, 2.3329777200457125, 0.5228156794416488]","[0, 0, 0]"
23,23,baseline_20260822_180915,1787418577,2.0,398000000000000.0,7074735.720190198,0.26507948481202187,0.03490658503988659,469.1219293360262,"[338217.15781343955, 778162.6020144604, 841312.2925130823]",71,713.6334809277218,9.117094035705904e-05,"[[16.798549773090446, -25.74093672307435, -11.31063473732005], [14.199711390266781, -5.590294610250521, 28.75416977467718], [35.44821164821822, 19.044676359363923, 6.239201388546356], [-38.579039915727215, 21.984608566979983, -17.647011609860193], [-10.282029014843642, -31.28955809731734, -37.38546096094393], [-3.4311341195045917, -7.990627160451895, 4.448650747901875]]",6,"[0, 0, 0]","[0, 0, 0]","[0, 0, 0]","[0, 0, 0]","[-111.35403553173941, -136.15113247736815, -310.5657932181615]","[0, 0, 0]","[0.35416893762844404, 0.6997297365470077, 0.9640379407085905]","[0, 0, 0]"
24,24,baseline_20260822_180915,1787418578,2.0,398000000000000.0,7498763.132165662,0.09005697927017008,0.03490658503988659,116.51390379386008,"[104819.93635796444, 198313.93560126206, 203167.11634479926]",32,321.0650821644834,9.21583212854886e-05,"[[3.2566554891932795, 6.331997078140918, -10.312810927529009], [-10.45727855323211, 12.664714367776032, -1.1998975259716902], [-12.524143053245991, 0.6641007631210822, -24.61896937819708], [3.156849240996369, 6.173296250452512, 4.978814150037728], [13.639580780450364, -15.786483017195259, -0.5571679676387133], [-32.89852391215452, -16.775444693572553, 30.373522587854673]]",6,"[0, 0, 0]","[0, 0, 0]","[0, 0, 0]","[0, 0, 0]","[487.8604719286235, -335.5309271260959, -332.3453055237265]","[0, 0, 0]","[-0.5335758681330849, -0.5239072323683979, -0.22173207328352604]","[0, 0, 0]"
25,25,baseline_20260822_180915,1787418579,2.0,398000000000000.0,7620052.94974353,0.09495189970607873,0.03490658503988659,308.6942865928037,"[110888.07734950514, 299965.07739020133, 352706.94509580126]",36,362.2072641556702,9.101515484690493e-05,"[[3.5212465308699903, 16.943051198023976, 28.714205918229553], [-15.713665563072206, -30.75494173822454, 9.629084686701844], [1.1326871460282657, -33.285431361428856, -2.067985219268039], [-5.692814787255963, 3.8724638915021754, 1.2739772183977902], [-9.860086655221092, -0.7534185007424479, 29.93236431583232], [-7.3884487677257695, -25.5332400029937, -12.423032877944388]]",6,"[0, 0, 0]","[0, 0, 0]","[0, 0, 0]","[0, 0, 0]","[-273.99737920790227, 459.7847470970874, -253.43867271867143]","[0, 0, 0]","[-2.0664433048998947, -0.18870971249410967, 1.3311443834205405]","[0, 0, 0]"
26,26,baseline_20260822_180915,1787418580,2.0,398000000000000.0,7897228.575661325,0.09888846660114181,0.03490658503988659,407.6258839666747,"[286564.84133087425, 470782.8854213071, 730020.1848714496]",48,486.7853427355512,8.480830804331384e-06,"[[-16.095058268172668, -0.3311886311671985, -19.749190839592668], [-20.230330040081647, -17.577085924411715, -4.046421163872448], [-10.757952993599902, 45.50974832784469, -7.824871697109297], [10.189199828957408, 17.23676507971819, -25.537667030263297], [-11.446414952313855, -3.343389339274453, -5.321266658055694], [-9.296808313337795, -17.63205795890918, 0.8737959937054808]]",6,"[0, 0, 0]","[0, 0, 0]","[0, 0, 0]","[0, 0, 0]","[-86.42737083420971, -420.65666290356876, 655.8287995231074]","[0, 0, 0]","[0.622138693746327, -2.3134454446802803, 1.6375985568482774]","[0, 0, 0]"
27,27,baseline_20260822_180915,1787418581,2.0,398000000000000.0,7450693.572228549,0.24032530921509604,0.03490658503988659,204.66784892615712,"[187525.33655524938, 335422.8397596032, 439049.8781290326]",67,671.8030619584241,6.932094368433428e-05,"[[7.970812329718249, 32.4100678173078, -19.525973177848876], [18.74520858355561, 13.499874320561176, -32.41360009085558], [-32.656642212231226, 25.782766946750538, 5.761389283231806], [10.739839591096285, -0.2694305699094188, 7.507893337183502], [-20.447661281343116, -36.99926076865628, -25.496659489378676], [6.6594114150863675, 44.83189660137246, -7.7966152647532345]]",6,"[0, 0, 0]","[0, 0, 0]","[0, 0, 0]","[0, 0, 0]","[-6.594364474090044, -105.69028398617837, 308.5880182527523]","[0, 0, 0]","[1.4100347167163019, -1.2471674110807556, 0.4569969965708678]","[0, 0, 0]"
28,28,baseline_20260822_180915,1787418582,2.0,398000000000000.0,7038468.767746504,0.050517057017943165,0.03490658503988659,101.57829363160553,"[95602.64086576611, 159067.20633633726, 193496.46261170003]",89,891.7075615380935,3.8411926910693655e-05,"[[6.4380676918425515, -7.819093478376413, -30.10786526271658], [3.93286834819492, 0.6344819005350613, -4.3300770889295865], [-30.57658810275513, -17.71165791918427, 32.39111207721664], [-16.083805039061833, -20.438636103608577, 23.740290128692866], [10.9157666355008, 15.635053236844742, 0.6115829865886031], [-5.289705650468199, 35.09995566611789, -3.269898725921944]]",6,"[0, 0, 0]","[0, 0, 0]","[0, 0, 0]","[0, 0, 0]","[-137.64406037978142, 568.6792951663979, -37.28738023163435]","[0, 0, 0]","[0.6331440481551415, -0.22406143219441493, 1.4909554175937063]","[0, 0, 0]"
29,29,baseline_20260822_180915,1787418583,2.0,398000000000000.0,7851925.697448677,0.16747426475737212,0.03490658503988659,434.6253370539517,"[446999.2858207129, 612522.9834843763, 759784.7975517764]",37,372.08750342068623,5.237941763881377e-05,"[[-10.395277261832891, -13.189010994892028, -4.254588287380314], [-5.202324890156334, 9.22728720322893, 3.861975488865532], [3.7957186242078906, -8.379036795010453, -5.96791879129904], [-8.272721644561681, 7.5120289199199926, 5.670039301720138], [1.318867167162885, -12.677018220391298, -22.971114504969364], [16.781261808091447, -35.65559107256058, 27.491633823394476]]",6,"[0, 0, 0]","[0, 0, 0]","[0, 0, 0]","[0, 0, 0]","[-343.4723333365687, 199.21971654192714, -168.9475077311903]","[0, 0, 0]","[1.3076373832922186, 0.7986681341970332, 2.6703569835310526]","[0, 0, 0]"
30,30,baseline_20260822_180915,1787418584,2.0,398000000000000.0,7756153.472426462,0.1773309867234745,0.03490658503988659,219.07337507878236,"[75174.79898187683, 179300.50673333142, 198288.25497112353]",48,485.56782265121154,7.291560022214128e-05,"[[-7.582764459268125, 7.641972403483077, 8.841968514488155], [6.006888738812417, 5.260837271244883, -2.6470298930211937], [5.455313040310056, -1.5003082479580372, -5.023244195172043], [-7.552509149928899, 17.52316367017667, 0.4149293444854119], [-4.058886919878876, -22.159670194483493, -42.5300777687428], [-17.58782887945189, 0.10908453906371428, 0.2701604976382216]]",6,"[0, 0, 0]","[0, 0, 0]","[0, 0, 0]","[0, 0, 0]","[143.75588107248248, -349.8801829742342, 63.63234479584884]","[0, 0, 0]","[-0.9607198575285871, 0.19612719726886454, -0.9750983025817226]","[0, 0, 0]"
31,31,baseline_20260822_180915,1787418585,2.0,398000000000000.0,7888837.930691071,0.18567943870266446,0.03490658503988659,460.00205293262957,"[297317.89607085724, 709936.0679262294, 986104.2066138042]",81,815.2570434965436,4.8086657017427056e-05,"[[-14.611967339135925, -11.963188253105896, -7.614958628570222], [29.939765167974187, 9.288666815652943, -18.835244193475134], [-35.055290089235214, 31.029679027896908, -11.000846639872023], [-3.5557628206527427, 0.2679790836404307, -6.589883299359864], [-0.774353916473763, -19.521913517255822, 23.442150218312833], [13.73395945993861, 7.455980542659919, 4.126747265481016]]",6,"[0, 0, 0]","[0, 0, 0]","[0, 0, 0]","[0, 0, 0]","[567.4594383968648, -124.05976293865068, 537.5173626509879]","[0, 0, 0]","[2.2541373774682274, 1.709545862430599, 0.42843241642832236]","[0, 0, 0]"
32,32,baseline_20260822_180915,1787418586,2.0,398000000000000.0,7661974.5031057205,0.21804825221187762,0.03490658503988659,10.259287685818139,"[3382.1487579460827, 14579.370744849479, 14718.389586951973]",52,524.6612446025364,7.08272554531633e-05,"[[-1.3502233673729187, 2.6656219432933987, -6.790784985997337], [-2.9604560234454698, -5.325811425522784, -0.5201073909672229], [-7.424184958533494, 2.374161562343769, 2.8172637433235037], [10.482195208867452, -5.579617526207814, 18.13173348331565], [-6.121686321503475, 5.833864756825834, -10.927108001583877], [6.109299430976578, 24.819136044265406, 35.82327251012339]]",6,"[0, 0, 0]","[0, 0, 0]","[0, 0, 0]","[0, 0, 0]","[620.6350405603657, -502.82394557046376, -91.61837460620993]","[0, 0, 0]","[0.7095418868412371, -2.414301209003781, -1.3536363899623098]","[0, 0, 0]"
33,33,baseline_20260822_180915,1787418587,2.0,398000000000000.0,7555501.364619159,0.028295679266331565,0.03490658503988659,395.2703503548681,"[120246.82614818681, 245739.41207056984, 274630.4957815283]",34,342.6237598991244,3.0518461784334595e-05,"[[-22.224795501362234, -7.162507303821883, -31.595566892713684], [-28.536176852850666, -4.525693285660843, -13.772066550486318], [-24.40353112091041, 34.498101527420225, 18.787440741340735], [2.067386784395828, 5.861924437288894, 1.1104281380686252], [-13.075444214014276, -9.986325539617752, -25.468325484610805], [21.321766847938417, -11.387167993403084, 21.31592511008363]]",6,"[0, 0, 0]","[0, 0, 0]","[0, 0, 0]","[0, 0, 0]","[-191.24844620188605, 74.75562254213027, 245.4971183394948]","[0, 0, 0]","[1.8019140942386256, -1.7546110793632175, -1.8490683421046512]","[0, 0, 0]"
34,34,baseline_20260822_180915,1787418588,2.0,398000000000000.0,8227640.56008567,0.02986244475410959,0.03490658503988659,424.7912688306483,"[34165.24451826203, 200333.42569427512, 203661.69174447595]",37,375.344738637098,5.87629260160805e-06,"[[-5.922261240965737, 7.429400401938651, -2.238620902632716], [10.20132174544564, 0.8294848606941231, 26.313403642382898], [1.7995753095948657, -45.99343817960643, 15.60907314891511], [-4.550290585228917, -3.8098120092662078, 0.7081403274226089], [-5.076650206860354, 8.671696334558645, -2.4726280831774217], [-8.153016175694223, -4.832975198794846, -0.1582759564820954]]",6,"[0, 0, 0]","[0, 0, 0]","[0, 0, 0]","[0, 0, 0]","[-575.6478841128582, 140.45647094159935, 63.40939696582046]","[0, 0, 0]","[-1.5521587816437887, 1.4336473487087324, 1.7510960839855787]","[0, 0, 0]"
35,35,baseline_20260822_180915,1787418589,2.0,398000000000000.0,8074912.487169825,0.017215001686281275,0.03490658503988659,85.23781431816384,"[47697.30419569163, 101180.78239396046, 109269.54426070064]",68,686.3106210600624,8.221515440624223e-05,"[[-8.286326874348678, 31.467935257485646, -18.041702980202793], [3.6147836133152387, -25.32896834695765, -31.48432015049349], [12.285537256888668, 27.182116171503704, -12.046113850086833], [-13.059773626142256, 7.393057226897786, 21.4067766245426], [7.230138562829226, 4.977165800513484, -0.018888411380534237], [19.92335764682985, -24.4231874848634, -22.1317893040077]]",6,"[0, 0, 0]","[0, 0, 0]","[0, 0, 0]","[0, 0, 0]","[256.40591049234104, -490.7019434016285, 593.2170866077498]","[0, 0, 0]","[0.1769259171958546, 1.515714645802236, -0.04478024952017299]","[0, 0, 0]"
36,36,baseline_20260822_180915,1787418590,2.0,398000000000000.0,7414087.856848866,0.2791135148221406,0.03490658503988659,87.07767152525405,"[50429.361135338215, 62234.3324392475, 71391.36549457427]",30,308.453168070078,7.150059086993804e-05,"[[18.516026427600945, 5.9264308036690405, -9.450921497445371], [-2.3777030668775403, 22.257723601015186, -13.779186638514622], [12.228025965980569, -24.589656783151305, -22.40658642536653], [7.0975380470817315, 0.5427648375736441, -3.1930279953762155], [7.949133666380977, -13.162503306207888, -1.3450574548299894], [4.148385519758103, 0.41749973846681365, -2.769101778863206]]",6,"[0, 0, 0]","[0, 0, 0]","[0, 0, 0]","[0, 0, 0]","[-173.66639137513639, -258.845542098146, 525.7447508746441]","[0, 0, 0]","[-2.565741172602103, -0.5738477220880716, -0.2820653980759335]","[0, 0, 0]"
37,37,baseline_20260822_180915,1787418591,2.0,398000000000000.0,7957924.629868705,0.013925329442100965,0.03490658503988659,481.4083564371003,"[282925.3421717619, 651104.8236174621, 809311.7624582872]",33,333.2128419175632,4.774662121489463e-05,"[[26.81214518974268, -24.46513898353273, -6.628622059500573], [-6.053492324285113, -15.905890977113021, -35.054219605097245], [-26.793640137673684, 26.35680016294113, 0.5370317631247101], [-25.208525397197143, -9.249312296802506, 2.3476597458827], [-42.12185417272904, -0.6135088557598056, 7.035641159973754], [7.323530126485893, -7.084927773881167, -7.040624581865317]]",6,"[0, 0, 0]","[0, 0, 0]","[0, 0, 0]","[0, 0, 0]","[442.36466981294035, 548.527769733648, 28.680933475551566]","[0, 0, 0]","[-1.6245234764866812, -1.2888741144425058, 1.8120133791956503]","[0, 0, 0]"
38,38,baseline_20260822_180915,1787418592,2.0,398000000000000.0,7748771.702159878,0.283089459718103,0.03490658503988659,272.31840983102114,"[113601.4923564246, 237025.68425245924, 259963.24658923768]",45,454.66743790398425,4.713171196711621e-05,"[[-4.892237333363535, -8.50498880091403, 9.997953538519663], [-26.50647574300328, 39.84571617966587, 8.933399104272054], [35.76019691500251, 8.546855566821007, 9.183753576760687], [-8.34230456998474, -5.804416883027191, -1.4912694626201206], [31.048521630201886, 17.399735507099976, -2.3358198831415824], [-7.0778568105536595, 38.06245486760843, 3.452442060550569]]",6,"[0, 0, 0]","[0, 0, 0]","[0, 0, 0]","[0, 0, 0]","[-61.069363402317485, -170.97100798716224, -26.53594574200155]","[0, 0, 0]","[-0.161683672982542, 2.2091424194496723, 1.5767166519183353]","[0, 0, 0]"
39,39,baseline_20260822_180915,1787418593,2.0,398000000000000.0,7932872.254940784,0.22748063359340379,0.03490658503988659,362.5195893043773,"[192584.5476105497, 419897.0380687164, 580405.7388835673]",66,668.4224661814587,9.14791709124333e-05,"[[20.61086210439016, -3.406625336048575, -6.3872876933775755], [-9.64799439860073, -21.01095234952929, -35.64569506829058], [-11.634568877690489, 20.517730066769154, 23.838957080356177], [-8.890271073063294, -40.778573816531505, -10.655060184280575], [13.120235095124423, -40.83810721038639, 15.041794823157455], [30.447100066285053, 4.546686792715239, 25.95968595505692]]",6,"[0, 0, 0]","[0, 0, 0]","[0, 0, 0]","[0, 0, 0]","[310.84950307392876, -440.21390776507025, 369.3490472117257]","[0, 0, 0]","[0.6707484396748669, 1.2821313884350467, 0.2006809844609607]","[0, 0, 0]"
40,40,baseline_20260822_180915,1787418594,2.0,398000000000000.0,7677642.87503,0.24298151531687745,0.03490658503988659,274.64137468010586,"[185683.98394210433, 189730.46322274473, 274659.8741015593]",69,690.0640678975667,8.02610611729439e-05,"[[1.413337076126303, -3.019620553208543, -34.08620251559855], [4.165940434475552, 0.47660053987670137, 16.379335906570958], [18.104351677446434, 25.900071120619838, 29.414168655594136], [-1.1126747281168992, 5.1971567467766935, 4.87454354075943], [12.209256592003932, 4.88718747146358, -9.63283392190667], [-3.489347304098314, 9.793443680957195, -30.782573469120717]]",6,"[0, 0, 0]","[0, 0, 0]","[0, 0, 0]","[0, 0, 0]","[695.239202864894, 186.8195721516236, -146.69382167703918]","[0, 0, 0]","[-0.8246321327021474, 0.5692688197659646, -2.2983332594916783]","[0, 0, 0]"
41,41,baseline_20260822_180915,1787418595,2.5,398000000000000.0,7179048.25171103,0.2602800884728059,0.04363323129985824,246.05389434750663,"[149069.90946429313, 301599.3560812448, 425736.92024737294]",68,688.4630129080355,1.4869549377105077e-05,"[[-10.27103663642326, 33.60123195022366, -10.089868554351925], [-22.90735358466598, 2.6096656891093746, -23.229012625258434], [-21.173264307573476, -23.2895953183848, 4.295699690219102], [-2.2981801672469757, -21.530039656870976, 7.4729552128702394], [-13.746411844687366, 9.676029433153285, -7.470511257989084], [3.9344761576051037, 1.5997182373515522, 42.02762133529664]]",6,"[0, 0, 0]","[0, 0, 0]","[0, 0, 0]","[0, 0, 0]","[-275.91508461345893, -745.9939676486168, -90.74474001856694]","[0, 0, 0]","[2.020155027760171, 0.8568829649262696, -2.1875062746293836]","[0, 0, 0]"
42,42,baseline_20260822_180915,1787418596,2.5,398000000000000.0,7077484.112462092,0.13439563379924924,0.04363323129985824,40.92276186444686,"[22210.12395433049, 55317.88312254177, 68376.74423788802]",84,846.2177068568046,3.35252426178607e-05,"[[16.46069947524739, -44.73629189883863, -8.966872153467879], [-5.991353011280904, 17.410347417447607, 22.80202858379859], [1.393153442298339, 15.843381458917396, -10.834803557251394], [5.413943590131786, 11.139486531163392, 8.344956185905701], [16.75010727887683, -33.50398726581028, 30.323413403813763], [-1.8975056703153763, 1.6092433232577066, -13.087898098604915]]",6,"[0, 0, 0]","[0, 0, 0]","[0, 0, 0]","[0, 0, 0]","[357.039761974251, 484.2756285381084, -706.5433226578397]","[0, 0, 0]","[-0.3495005096986967, -0.1786298220488873, 2.9832016752807813]","[0, 0, 0]"
43,43,baseline_20260822_180915,1787418597,2.5,398000000000000.0,8145398.399680851,0.037811603415745756,0.04363323129985824,298.3559259013046,"[120181.13956560445, 403302.5555269518, 412646.76057401317]",63,637.2661372742971,6.47546803774342e-05,"[[18.3953468913428, -0.16682997147178913, 3.6731817165317975], [-8.228736136872072, 38.10662099271944, -6.266435964358223], [-7.009167916204638, -16.32892229852267, 26.614419323200963], [-38.321711887157754, 16.91286583587655, 3.451821995719172], [-1.9812185827581887, 6.800131341008513, 1.265504769415422], [5.320028901269861, -19.2896460598357, -26.66529772651951]]",6,"[0, 0, 0]","[0, 0, 0]","[0, 0, 0]","[0, 0, 0]","[120.51444687525162, 126.75449740138865, 265.6943024927782]","[0, 0, 0]","[0.28929089481031356, -0.08867994397648828, 3.0763737755110174]","[0, 0, 0]"
44,44,baseline_20260822_180915,1787418598,2.5,398000000000000.0,7031206.571123193,0.04705943654860621,0.04363323129985824,86.28034889456649,"[84227.39773830956, 116284.14902593009, 119886.03446008285]",77,770.9423171350381,5.4201759621082044e-05,"[[3.826114531842601, 21.738936676534795, 6.298334158355503], [-34.24637658915902, 17.175592535069615, 20.479358464849835], [-1.081841173024151, 8.357166208007017, 1.247632714705944], [29.720530673327918, 33.9153925997993, -5.945677076737784], [18.928154655531788, -13.237868240866948, 1.3831337496581904], [24.269138506222436, 4.587061154878497, -17.176015406761604]]",6,"[0, 0, 0]","[0, 0, 0]","[0, 0, 0]","[0, 0, 0]","[-333.88467853374294, 17.601952461543586, -258.8529192170646]","[0, 0, 0]","[0.8099538843996871, 1.5196711382643193, 1.6422658681023483]","[0, 0, 0]"
45,45,baseline_20260822_180915,1787418599,2.5,398000000000000.0,7386747.593161061,0.25636479712439997,0.04363323129985824,453.3135798228693,"[353807.8190534104, 410095.4802716538, 492085.0826162358]",48,485.99586747592446,2.1330529015670463e-06,"[[20.06859848319006, 13.162080127182746, -11.532514599987067], [8.28683487165686, -2.7363729468027675, 5.775429274847783], [20.652844146422694, -1.354155139331755, -14.280235326991702], [-41.39514952256192, 15.479275045292832, 17.75843048775043], [35.73331562968326, -3.510713691287536, 16.154103964989623], [28.516372419049766, -4.078921820086141, 24.012589561456675]]",6,"[0, 0, 0]","[0, 0, 0]","[0, 0, 0]","[0, 0, 0]","[31.243726859821027, 135.1080484204294, -353.72629980777805]","[0, 0, 0]","[0.2180157402782316, -0.4608488752130133, 1.5283943810841096]","[0, 0, 0]"
46,46,baseline_20260822_180915,1787418600,2.5,398000000000000.0,8270841.810337323,0.1436315119391966,0.04363323129985824,44.74863575821434,"[33145.08870040038, 45288.160786629676, 59398.300886473924]",64,648.2733377702552,5.763136474813924e-05,"[[28.937082457296395, 27.052623471235545, 2.279446697118006], [-14.800497339953692, -24.96006160707072, 10.870293402309246], [-23.648525489330336, -0.9805752721356412, -3.4719872642529985], [-11.023677898430742, 10.255180662760118, 1.3653726443762495], [-13.265279464899459, 10.96102026055181, -29.143714096976623], [-0.2430251218442372, -11.289542779003975, -1.6150239491776464]]",6,"[0, 0, 0]","[0, 0, 0]","[0, 0, 0]","[0, 0, 0]","[-322.41787600551567, -339.47304674483377, -125.05213331795882]","[0, 0, 0]","[-0.6999774537636263, 0.9291003459186844, -1.422596002521649]","[0, 0, 0]"
47,47,baseline_20260822_180915,1787418601,2.5,398000000000000.0,7514817.850772435,0.2144390260281168,0.04363323129985824,176.4724498846969,"[43476.20800381804, 133745.3864624687, 157198.7067368765]",89,897.5985671057892,7.206030546744996e-05,"[[3.693273432817595, 2.6803902067313086, -8.599191117860457], [7.942772453291331, 3.6749507517006497, 37.92629891753645], [-18.432913810187436, -31.403775518064243, 11.552602665258362], [5.736032311069596, -1.8452735595966197, -8.622123925674437], [-9.426505726155707, 12.569491001285238, 2.7664792726012832], [-5.690708093966809, 3.1650470911495403, 2.7210712090455877]]",6,"[0, 0, 0]","[0, 0, 0]","[0, 0, 0]","[0, 0, 0]","[63.3878955841494, -3.800257477253829, 51.378636346256904]","[0, 0, 0]","[-0.03713014330572506, 1.851258613787779, -1.584125727365003]","[0, 0, 0]"
48,48,baseline_20260822_180915,1787418602,2.5,398000000000000.0,7932599.885389451,0.2266349057431105,0.04363323129985824,416.63337690294804,"[196799.9240185349, 371472.6198838131, 516785.2565908021]",65,653.3920000424978,5.42236854742189e-05,"[[-13.855138614548187, -1.699544526089037, -3.5239245423107857], [-3.4530379990849083, -3.1166593788189814, 23.22581253185264], [7.688162981670556, 6.725495847358383, -1.0253307501408837], [24.738502779499754, 2.332097813160489, 16.424401436210733], [-15.682054450802266, 15.918610700883317, -19.275208058647532], [-6.52851202325529, 17.66277494002209, 33.21384608538807]]",6,"[0, 0, 0]","[0, 0, 0]","[0, 0, 0]","[0, 0, 0]","[-373.35560189734537, -266.04875081059174, 209.06277000951602]","[0, 0, 0]","[-1.682144801718811, -2.070204264953217, 1.116995792114525]","[0, 0, 0]"
49,49,baseline_20260822_180915,1787418603,2.5,398000000000000.0,7517064.313763274,0.0814629920618993,0.04363323129985824,483.4687501319033,"[393364.03864930687, 522261.2599521557, 909558.7151911497]",76,768.3645048336698,6.96299400810291e-05,"[[36.84975789795822, 22.89184086766397, -20.944449045005573], [-6.256488061671216, 10.187415356038194, 0.6704138766665027], [19.422877665153802, -3.8897598934225477, 16.003700253100334], [36.08015803112529, -8.82113291165403, -21.5201024929906], [36.27888481512192, -1.6112784873227646, -3.2521777222173003], [20.066299544342108, 17.152302996831107, -6.904850791211307]]",6,"[0, 0, 0]","[0, 0, 0]","[0, 0, 0]","[0, 0, 0]","[507.99811110850044, -728.2834179378765, 75.97030851252005]","[0, 0, 0]","[1.2236290910309573, -0.8841685453240606, 1.8151224003601023]","[0, 0, 0]"
50,50,baseline_20260822_180915,1787418604,2.5,398000000000000.0,7684681.533373196,0.06658886017301333,0.04363323129985824,363.01039266229304,"[146895.51194556904, 471545.75042893033, 585311.1934977128]",64,643.7365389380885,6.80141810535411e-05,"[[-11.13831170303219, -4.202504054920576, 1.6456379670030623], [14.810450107118221, -5.727902379864952, 15.020941245133884], [-28.069386364331827, 5.513169468275691, 1.6016364332820163], [-1.516134411582291, -4.118535746319021, 8.594418625624932], [7.4600167786945555, 26.05346788156199, -3.381744934608743], [40.34806480720862, -6.103189433245691, 0.8151058540689257]]",6,"[0, 0, 0]","[0, 0, 0]","[0, 0, 0]","[0, 0, 0]","[-51.66362232738654, -43.74069622751527, 28.933348695939006]","[0, 0, 0]","[-0.5615050578516302, 0.24970411606143197, 0.5254337387124188]","[0, 0, 0]"
51,51,baseline_20260822_180915,1787418605,2.5,398000000000000.0,7345691.480991903,0.2532722338012787,0.04363323129985824,349.71518893795815,"[120230.61777259, 209067.30182706486, 328400.0031755722]",72,722.7613978466411,7.826884704858836e-05,"[[31.405363493151615, -14.725506283255466, -19.760923610404035], [4.380763601051008, -0.9480325895236764, 8.381860272607994], [-0.6350190671708579, 12.369970313160497, -1.30591298004851], [13.681244490431625, 6.060619027077861, -8.971436913942691], [0.8841924106341859, 19.30021335276414, -40.19144159275954], [3.0520556372888104, 16.0920119831437, 7.183127744665109]]",6,"[0, 0, 0]","[0, 0, 0]","[0, 0, 0]","[0, 0, 0]","[2.1966350786337436, -3.6079113250538324, -23.483882190000468]","[0, 0, 0]","[0.4148310534840121, -0.29152913486554816, -0.5673320693207667]","[0, 0, 0]"
52,52,baseline_20260822_180915,1787418606,2.5,398000000000000.0,7037884.323899407,0.27358116410186056,0.04363323129985824,304.0441965911085,"[319225.67157647485, 331699.3666789025, 383163.79837333097]",57,570.2613643756729,2.2219287714495978e-05,"[[-10.354826020078002, 0.7398531294869264, -1.5980508934476243], [-33.312685929192554, -3.722252682918321, -26.358335587455826], [8.832564688674836, -0.9871746894914167, -4.216051680919197], [-2.001124965668974, -17.580557913209933, -30.355235807564938], [-14.684421458044751, -36.20001746118405, -5.558977059428842], [12.237279350597854, -5.224381768605145, 45.74880026837536]]",6,"[0, 0, 0]","[0, 0, 0]","[0, 0, 0]","[0, 0, 0]","[87.70862020041264, -127.21856092185936, -34.31202644475392]","[0, 0, 0]","[1.6348049502858657, 0.09836621988725561, 1.9629361396790437]","[0, 0, 0]"
53,53,baseline_20260822_180915,1787418607,2.5,398000000000000.0,7879662.198613981,0.12068374328911413,0.04363323129985824,116.2628606467416,"[119857.23353482092, 148453.61191537642, 248636.91075980294]",69,692.5141214780787,5.944505972560074e-05,"[[-32.79342661929548, 30.015581154674813, 22.777129044396613], [-28.793057391414052, -2.425896346687788, 20.063893308087714], [10.892618257093803, -35.821713072869834, 29.63348152083712], [6.759176203020329, -22.799897989002638, 5.983399715946883], [-3.3037596119375117, 11.853675427888225, 29.480175987099027], [5.991082539791674, -16.96541951035151, 2.3486942805202595]]",6,"[0, 0, 0]","[0, 0, 0]","[0, 0, 0]","[0, 0, 0]","[-670.4848285321078, 43.771377631315616, -146.20425728130783]","[0, 0, 0]","[1.3768686020664773, -0.3429685672031016, 0.06646033763212274]","[0, 0, 0]"
54,54,baseline_20260822_180915,1787418608,2.5,398000000000000.0,7163378.996485602,0.068968252762364,0.04363323129985824,186.22123866957344,"[97154.27662732887, 115975.41151833169, 165478.73528378527]",57,576.4304139371552,5.234381640794098e-05,"[[20.89726959403594, 1.9570010413237267, -36.87556556531395], [21.21896964134398, -19.75987396113869, -10.017226919273016], [-17.44920075890286, -12.888964013350202, -35.78131221532792], [-27.217764070539808, 30.808292892386206, 25.528023671371027], [3.7651041332989044, -10.489760641327408, -8.798300412680106], [0.9527266638084414, -10.071972832296636, 4.952722981690132]]",6,"[0, 0, 0]","[0, 0, 0]","[0, 0, 0]","[0, 0, 0]","[476.6017116070096, 60.64281788613207, 268.57073185578565]","[0, 0, 0]","[-0.1283241277984369, -0.1528765152226661, -0.5768490944923238]","[0, 0, 0]"
55,55,baseline_20260822_180915,1787418609,2.5,398000000000000.0,7780938.060698092,0.12104172809520324,0.04363323129985824,394.5392465423027,"[124345.1859431686, 504983.0339706878, 624100.1901072629]",87,879.1421695886373,1.1713615199961089e-05,"[[-18.49667359803177, 0.6443018601754394, 1.4843382364465085], [-32.36456793302157, -25.217507100705443, -1.436921517052816], [-22.2640862325571, 19.820803640603692, -11.138211553526263], [-28.19064905733474, -11.050307820591001, -9.132060577777374], [-6.799907600439947, -3.5884083399197793, -8.875811253291385], [9.099158037824093, 23.61486132901973, 13.574571223610532]]",6,"[0, 0, 0]","[0, 0, 0]","[0, 0, 0]","[0, 0, 0]","[66.07299425090227, 197.73788547990213, 20.783506555252135]","[0, 0, 0]","[-0.5729813751080377, 2.3787434256931816, -1.2421898846359871]","[0, 0, 0]"
56,56,baseline_20260822_180915,1787418610,2.5,398000000000000.0,7539607.881532151,0.2685499400463901,0.04363323129985824,47.968658999599604,"[34886.99371555472, 46813.71854789539, 50608.68661673793]",85,852.3393270743294,3.416191919138173e-05,"[[-18.052130570235736, 12.425744533246384, 2.01786171217224], [2.1554489652676683, 6.092907261608408, -4.565260920509208], [-0.927975366988573, 37.865196695045356, 5.646013769844205], [-3.3706430899206747, 35.01717807596467, 1.134603836326975], [17.53316530190895, 10.701371063612186, 5.6694894707709755], [-4.287022338605515, 29.350330425312038, -4.718768050937419]]",6,"[0, 0, 0]","[0, 0, 0]","[0, 0, 0]","[0, 0, 0]","[-128.22124797596365, 213.30733342905344, -49.33921876565734]","[0, 0, 0]","[1.12317147429784, -2.0654998212468003, -0.5879349637168753]","[0, 0, 0]"
57,57,baseline_20260822_180915,1787418611,2.5,398000000000000.0,7152570.683827412,0.13970104816629383,0.04363323129985824,470.0146271123989,"[68329.38931343627, 171133.94945202692, 203495.04316868444]",69,693.5995630929357,5.848587521917832e-06,"[[-21.706195894590522, -4.579857041232278, -24.588200287129162], [0.36534541369519036, 15.422728449149956, 21.742600608297302], [17.015261322073556, 0.9206852283000395, 8.50362378436365], [0.5018224227905064, 8.24377165371712, 2.3871107023803453], [-29.06176775036317, 8.515761912688383, 2.6992567602619624], [-19.46752726568832, 4.842066743437014, -8.768177881745652]]",6,"[0, 0, 0]","[0, 0, 0]","[0, 0, 0]","[0, 0, 0]","[-81.52885476484578, -183.27008383699587, 616.1109107991944]","[0, 0, 0]","[-1.699784204104638, 0.7565880596319482, -0.42903292907087665]","[0, 0, 0]"
58,58,baseline_20260822_180915,1787418612,2.5,398000000000000.0,8244898.670997791,0.1987337867987326,0.04363323129985824,31.91475126683575,"[35079.57867612529, 52826.761423917866, 53486.44028420723]",35,352.133679443653,7.297625174085104e-05,"[[9.464248952007631, 27.633096376619406, 15.650929862238236], [-5.556404983831383, 2.8329167931683514, -48.47246452227787], [2.9889500469501153, 13.93007691571396, -25.656533874185442], [-7.596793015702365, -0.06962790903530415, 1.3855576748920662], [5.278025378848828, -21.590230945945777, -8.210908256650672], [35.130896165689244, -25.238400428058327, -17.668359893510075]]",6,"[0, 0, 0]","[0, 0, 0]","[0, 0, 0]","[0, 0, 0]","[163.4505277818335, 130.81511702129535, -177.71571164014745]","[0, 0, 0]","[0.9388980709415116, 2.4745615275231287, 1.4464553801443394]","[0, 0, 0]"
59,59,baseline_20260822_180915,1787418613,2.5,398000000000000.0,8093564.426723328,0.012095040123528415,0.04363323129985824,20.138598230339632,"[12099.268826073614, 13088.162296610415, 14132.148924997298]",73,737.4565590188334,8.297633761767115e-05,"[[26.915046025974714, -33.32940316332706, -3.5827357127632053], [-39.03146071360742, 17.31747757839707, 14.09838037872633], [18.028672773182574, -6.994230020331804, -10.85775185053072], [9.710287197800506, 37.86822510484589, 28.668742362218566], [-27.086279433782146, 0.6662442703247493, 17.495962301535826], [1.7240461475687923, -22.31078474027911, 12.330389999891826]]",6,"[0, 0, 0]","[0, 0, 0]","[0, 0, 0]","[0, 0, 0]","[112.55470829176699, 163.58726123998062, -183.21362489708375]","[0, 0, 0]","[0.8277461861162231, -0.7802089476818656, -2.0867563798460607]","[0, 0, 0]"
60,60,baseline_20260822_180915,1787418614,2.5,398000000000000.0,8114583.305891769,0.06930276573346728,0.04363323129985824,338.01862183105646,"[215858.83545320085, 415398.4951107311, 583047.6185339639]",78,782.4798994226813,4.784159896983453e-05,"[[8.70491587564276, 28.087015576713767, -24.86616884614237], [11.894816392263282, -23.066685000844693, -21.05099241562811], [12.528785996925025, -8.624746841169205, -28.888655704990843], [-30.057428312518017, -21.673687187290454, 23.059585786252335], [28.756203302168366, -28.129753350729004, 3.1607553550780745], [5.648996777188513, -4.776485486815168, -7.522853057907935]]",6,"[0, 0, 0]","[0, 0, 0]","[0, 0, 0]","[0, 0, 0]","[-22.564192431836815, 110.5114969217394, -141.8931849197595]","[0, 0, 0]","[0.01915045045391357, 0.8677788535355744, 0.3393683739708425]","[0, 0, 0]"
61,61,baseline_20260822_180915,1787418615,5.0,398000000000000.0,7819914.650868201,0.24844126498683136,0.08726646259971647,293.6424666356572,"[270733.4793990016, 282363.80878131115, 397620.34900094185]",88,887.947857693546,5.780048219607047e-05,"[[13.586709071333955, -6.703278040895265, 9.05517308041698], [-5.798318338254249, 7.005997021402543, -0.37462319360303037], [0.5513587363020624, -30.846099855556883, -20.853425002072935], [9.882760666704504, 17.055488022595238, -1.7053668623044849], [-8.439033788148357, -15.963260910431762, 18.81533671699315], [30.086621789031273, 12.31707782987806, 34.64154111770534]]",6,"[0, 0, 0]","[0, 0, 0]","[0, 0, 0]","[0, 0, 0]","[-218.65336421792713, 149.04945656917047, -47.30216661601559]","[0, 0, 0]","[-0.9210250816282485, 0.05275339084930556, -0.8262143032349095]","[0, 0, 0]"
62,62,baseline_20260822_180915,1787418616,5.0,398000000000000.0,7204111.064557022,0.06634134326984098,0.08726646259971647,279.3767319375899,"[54252.8037678308, 136923.52555338506, 172433.20651389362]",41,412.29980837370215,7.483945069096262e-05,"[[0.5964375841153536, 0.15146400558467293, -13.196116124420488], [-1.2847982714270845, -31.639637654992253, 27.62231343349249], [-11.502685067831344, -30.069837021688972, 23.063027249212713], [-9.39077580278325, -17.767060871861787, -35.25447476890441], [-21.22701138028889, -38.381691480662745, -6.716960537929308], [-30.27275207590004, 30.203331353448874, 12.350906231537456]]",6,"[0, 0, 0]","[0, 0, 0]","[0, 0, 0]","[0, 0, 0]","[118.9367409811847, -3.3032424905932065, 171.52589606878442]","[0, 0, 0]","[-0.814145258807684, -1.8193310916320313, -0.2450292402871272]","[0, 0, 0]"
63,63,baseline_20260822_180915,1787418617,5.0,398000000000000.0,7084925.646324347,0.039861831654343254,0.08726646259971647,266.1857270522283,"[103522.27635366996, 235668.06462664713, 322557.2337904549]",56,567.7714635865688,7.832830527371467e-05,"[[20.75710461328726, -12.049931634389674, -14.700885359446657], [-19.5132470822824, 14.507967390552817, 26.81425431556967], [5.363591209200733, 4.505804753346768, 0.06597450658070156], [5.728404152433774, -5.192163650327614, -4.418402425245254], [-9.092125841054155, -28.798408396890572, -28.1570071897247], [-42.53123899424863, -10.745919096945963, -2.2496480850438973]]",6,"[0, 0, 0]","[0, 0, 0]","[0, 0, 0]","[0, 0, 0]","[279.14673876436086, -175.80263555423204, -195.2971283416028]","[0, 0, 0]","[-1.5725452164652087, 0.3895819497631796, 0.3257669235321529]","[0, 0, 0]"
64,64,baseline_20260822_180915,1787418618,5.0,398000000000000.0,8209176.7213114025,0.17034519906540263,0.08726646259971647,262.3712249332083,"[132567.8813578923, 458270.2606622597, 531013.4396746705]",34,346.47516501863447,2.7688404721869333e-05,"[[6.732897826566266, 5.8630362781740315, -12.26866010790242], [25.41032772688365, -20.46915934148612, 18.77594241749689], [13.509489004876215, 2.425581472155452, 14.89068597066082], [-5.382103362051885, -22.509518572884364, -41.07999964034865], [2.9623112320832776, 1.3123226675332966, -20.440169586204288], [-18.03509110490042, -14.719398897071402, 38.21624625382039]]",6,"[0, 0, 0]","[0, 0, 0]","[0, 0, 0]","[0, 0, 0]","[-207.8376198167785, 68.60540592402278, 122.92746269634488]","[0, 0, 0]","[1.2821023761703099, 1.1401075425035656, -1.1224427643939032]","[0, 0, 0]"
65,65,baseline_20260822_180915,1787418619,5.0,398000000000000.0,7628667.017343563,0.20272469930416806,0.08726646259971647,377.64349945838404,"[282141.0856128101, 399493.19189502165, 404916.2442610787]",30,304.2247004826563,6.161832023203364e-05,"[[-11.83174849789639, -21.374242414145737, -27.252420078446995], [26.780452182800488, 11.552310068957873, -12.67882850248133], [22.657898179539085, 25.83836865253174, 6.925686479993322], [-2.963002513853906, 24.152890436560615, -39.090741959984754], [-29.338689684659215, 31.595814031950304, 18.036681140567122], [-0.9109298724470808, -7.8899265790800435, 6.92844849410372]]",6,"[0, 0, 0]","[0, 0, 0]","[0, 0, 0]","[0, 0, 0]","[-35.51998129368595, 575.4836776595182, -627.5564098909583]","[0, 0, 0]","[-2.04525654329518, 2.175641561866167, -0.09455301338842706]","[0, 0, 0]"
66,66,baseline_20260822_180915,1787418620,5.0,398000000000000.0,8116357.966639186,0.2747832627491652,0.08726646259971647,317.0301404773409,"[203227.45838223302, 288581.962711439, 342232.1695589609]",79,797.8686659837201,1.0252607695378117e-05,"[[-35.74031576687179, -3.4152896496947482, -5.766536806917677], [-23.46779170419224, 7.164510087297801, 6.572095097482227], [-16.75535888751188, -19.875871834913518, 8.002146722354775], [-3.5982703612753553, 2.892338975475542, 6.655115561534402], [-12.9519867833601, 15.463600763930197, 42.60567189841164], [-1.2742204414000584, -2.434780836705216, -6.513358193635547]]",6,"[0, 0, 0]","[0, 0, 0]","[0, 0, 0]","[0, 0, 0]","[-126.68242007750445, -941.3757286021479, -41.75893761318205]","[0, 0, 0]","[0.7333302966296307, -2.055092831790463, 1.0036333559530637]","[0, 0, 0]"
67,67,baseline_20260822_180915,1787418621,5.0,398000000000000.0,7888382.261502883,0.29032170534537666,0.08726646259971647,22.25377479556516,"[16168.581200740111, 17345.599566620993, 29944.847483157682]",34,345.9623907203836,2.8871484094942127e-05,"[[19.10519672344112, 22.997505081443315, 11.585457393764601], [-5.892266003716691, 18.59753957025792, 3.297770914171837], [5.6860087679518205, -4.164402343928941, -5.386914537376011], [-14.103940306174058, 10.457418772514353, 5.844189751402833], [7.391974497681758, 7.894857443743499, -3.0530596554681697], [22.579989617765463, -27.799097910564896, 14.658809563636169]]",6,"[0, 0, 0]","[0, 0, 0]","[0, 0, 0]","[0, 0, 0]","[-155.153004157494, -438.7107598044863, -248.30945279602005]","[0, 0, 0]","[-0.15122445136289545, -1.0788391915255557, -1.0398391718270428]","[0, 0, 0]"
68,68,baseline_20260822_180915,1787418622,5.0,398000000000000.0,7557061.0222694175,0.07538247439900607,0.08726646259971647,184.47417451088532,"[78907.39517017949, 222006.25952926988, 255798.6571562328]",35,355.7493832555266,9.37001410571346e-05,"[[-5.903850818384592, 41.78826015779736, -6.696414560366034], [-8.029596066753001, -2.518817303319859, 3.113761632814286], [-34.966624258957644, 8.947604298255612, 8.868517821769332], [3.2469608443546796, -13.941648663852183, 11.100519755117508], [10.166808968025627, -3.9471842031926836, -3.492689629579896], [6.086819583519351, 11.019183215549962, 13.042084339334332]]",6,"[0, 0, 0]","[0, 0, 0]","[0, 0, 0]","[0, 0, 0]","[-639.2321689470637, 157.44804006027078, 248.54690360483892]","[0, 0, 0]","[-0.0276058258167392, -0.9877781166960113, 0.7050236972428544]","[0, 0, 0]"
69,69,baseline_20260822_180915,1787418623,5.0,398000000000000.0,7849970.939756223,0.13150109698983578,0.08726646259971647,384.58884436513614,"[156796.5002057644, 205248.18301530337, 263407.33164324716]",69,691.7411884076706,1.3345562792447661e-05,"[[11.256639658297056, -29.647275361117075, 0.9126196655289355], [-21.94752173467933, 6.647710156399066, 4.7898782131838145], [8.038169105075193, 13.25911732107021, 8.733183831760703], [-3.891372024551889, 2.094699396484663, 3.8236542570085277], [-10.775359038782714, 0.3611134076854982, -12.67729687410902], [-8.390471503200539, 2.5260549961305494, -13.577647885081955]]",6,"[0, 0, 0]","[0, 0, 0]","[0, 0, 0]","[0, 0, 0]","[-229.14442587599729, -184.4661651943933, -197.17551752965704]","[0, 0, 0]","[1.125505277203936, 0.059427184799404426, -1.8111633489355388]","[0, 0, 0]"
70,70,baseline_20260822_180915,1787418624,5.0,398000000000000.0,7556233.79980938,0.28472188892828754,0.08726646259971647,67.13763958020245,"[43863.15608289238, 62960.55062267021, 80549.7654950381]",81,810.3488546355323,3.667259420785058e-05,"[[17.99268759970423, 5.535826594156558, -42.028476017159285], [23.37680004507134, -28.009819877147553, -4.425745583062588], [9.518270825644578, 11.054153975563567, -7.43439198097684], [3.0012306704763, -6.335849251086225, -9.463696975535244], [25.204319471080886, 18.648629069645747, -2.6849803960329317], [-16.18089065103224, -28.657528332129136, -22.282065215157424]]",6,"[0, 0, 0]","[0, 0, 0]","[0, 0, 0]","[0, 0, 0]","[45.56199900646887, -206.67843294124606, -841.4846047427276]","[0, 0, 0]","[1.9125824380783611, 1.4443289234687684, -0.5273001766846357]","[0, 0, 0]"
71,71,baseline_20260822_180915,1787418625,5.0,398000000000000.0,8176754.086940174,0.21293948876282714,0.08726646259971647,212.08530863544047,"[230918.40579246823, 251663.9480284368, 278330.84921410057]",43,434.74232446545045,2.161264991282031e-05,"[[-43.9344030486264, 12.200601473164333, 5.723148978976877], [35.72488324260771, -23.695159547996333, 16.923483081732822], [-2.4378297265673488, -5.948753135021622, -4.990813122891446], [-8.859042147914995, -9.00577682718994, -0.07253543718353866], [13.056291874506071, -33.8865654187167, 30.797164191585377], [22.761792169708187, 1.5703990173317708, 3.6099008818597733]]",6,"[0, 0, 0]","[0, 0, 0]","[0, 0, 0]","[0, 0, 0]","[-13.444187935850016, 43.5107133163555, -81.8921675497554]","[0, 0, 0]","[1.0163884712925155, -2.5435019607816356, 0.48179101392589097]","[0, 0, 0]"
72,72,baseline_20260822_180915,1787418626,5.0,398000000000000.0,7939097.987688109,0.10571282887818213,0.08726646259971647,309.13390439302543,"[241675.01853059817, 438797.5334586903, 572369.0572028]",40,409.1971850136691,7.384583944748754e-05,"[[-36.16452234922288, 23.643214903612247, 1.8566915755756144], [-2.0494146742768877, 23.119687007042728, -5.5665130901159445], [-5.899479479145865, 31.729891420137545, -5.557847782997439], [4.998750027256776, 45.02766587235223, -2.164987960970062], [-14.92237979596775, 13.802908608221186, 18.268837283140837], [5.22485599199416, 15.962139967753064, -14.30694667260313]]",6,"[0, 0, 0]","[0, 0, 0]","[0, 0, 0]","[0, 0, 0]","[-47.463700576800264, -236.57129231537994, -688.2958189244838]","[0, 0, 0]","[-0.791160357508035, -0.8045286782755978, 1.325886795355773]","[0, 0, 0]"
73,73,baseline_20260822_180915,1787418627,5.0,398000000000000.0,7526488.019887479,0.13493966127395268,0.08726646259971647,479.34990196133793,"[155973.10906996438, 232814.77281462148, 315768.96548489266]",79,797.1720639263115,7.062646330919221e-05,"[[6.220447710921691, -10.862543042990747, -14.456912705137038], [-0.6175881587186107, -2.731675272600438, -14.421430016896313], [2.196174263766925, 32.86844314676177, 12.902025175320423], [-6.500546640866926, -18.075549044674357, 12.232596613253607], [12.58341816124042, 9.140005132811593, -11.081365990088774], [7.7904881042986895, 12.232251204776858, 10.47943783440431]]",6,"[0, 0, 0]","[0, 0, 0]","[0, 0, 0]","[0, 0, 0]","[11.247838570016429, -159.04513881451814, 211.0485222323338]","[0, 0, 0]","[-1.3072202152779817, 0.5788929812084098, -0.9574906307106615]","[0, 0, 0]"
74,74,baseline_20260822_180915,1787418628,5.0,398000000000000.0,7813748.7881214395,0.09059103459075202,0.08726646259971647,215.94104686382335,"[50731.94252549615, 56565.41832141211, 106376.79905620377]",37,374.74350568296313,8.532153843837713e-05,"[[8.910748332773654, -10.115618901885194, 2.4505975432076035], [-2.822478143261186, 2.75056639240503, -11.425749487257828], [12.145645145228533, -14.804632289143882, -4.12608665859425], [-1.0215800236452428, -19.872436691708284, 14.801832152503515], [-9.528902453914109, -0.6884506649887112, 0.16092170827760927], [0.9436109168744542, -7.143848021991149, 3.5491044001862115]]",6,"[0, 0, 0]","[0, 0, 0]","[0, 0, 0]","[0, 0, 0]","[-153.67826777464248, -108.75075853206721, 72.6795457660342]","[0, 0, 0]","[-1.1138324460235882, -0.6569332246928093, 0.6362860908002315]","[0, 0, 0]"
75,75,baseline_20260822_180915,1787418629,5.0,398000000000000.0,7751347.385080839,0.22895040828502547,0.08726646259971647,134.42420851495723,"[14576.992301568083, 127291.324213909, 128537.57718149498]",52,522.4283672833233,9.310260929143791e-06,"[[33.696493711234375, 11.99257431702531, -28.154140913218598], [27.69421185129004, 0.11394869495828464, 2.0396948577904093], [-10.100628587027709, -16.740472060965583, 39.13045427685915], [12.465491276868077, 11.140326726835685, -0.2928111137241069], [-11.92449119589904, -10.541348597561193, -9.393926754189323], [-23.84831206544521, 3.9915260932139702, 13.746129045262462]]",6,"[0, 0, 0]","[0, 0, 0]","[0, 0, 0]","[0, 0, 0]","[-93.76822177623662, -553.9744966803383, -26.275473331509207]","[0, 0, 0]","[-1.401826581076779, 1.226379589442417, -2.316871824780852]","[0, 0, 0]"
76,76,baseline_20260822_180915,1787418630,5.0,398000000000000.0,7852211.732976938,0.19102365567815183,0.08726646259971647,374.45239159662077,"[60676.20488553853, 456497.8859740064, 516501.2396931794]",38,380.90107767877896,1.9811192199205326e-05,"[[27.643494132185726, 16.064951243873875, 2.239731893906764], [11.070531523838142, -9.63047201932786, -5.9746168824648125], [-17.96468094222338, -11.413155428701824, 5.5002320298723655], [14.048642955392049, -5.987831645309041, 23.00575426779366], [21.028450257478518, -12.48251387017277, 30.322758279242933], [-21.279718066778333, 25.832941385217634, 23.96567038022044]]",6,"[0, 0, 0]","[0, 0, 0]","[0, 0, 0]","[0, 0, 0]","[69.76811290187115, 893.303513170247, -58.87911852294077]","[0, 0, 0]","[0.827160531146853, 1.7387238467202364, 1.1918939089729832]","[0, 0, 0]"
77,77,baseline_20260822_180915,1787418631,5.0,398000000000000.0,8261073.550026112,0.06077017729704222,0.08726646259971647,166.49998727687108,"[70536.71098856899, 106037.0673358704, 117344.43610243464]",51,510.88186864519247,9.617489041625767e-05,"[[1.541820836084972, -19.560915718079123, 34.42547489006192], [24.47081470143329, 4.172279184769857, 29.406493976251145], [-8.6342844261955, 10.446264811335086, -0.2389627210271124], [13.605486798567895, 3.1554508618375268, 6.05663763551568], [-2.598143411201109, 18.904802485196413, 2.3481436533292404], [-27.141869891537706, 11.865860511309524, -8.521381885433453]]",6,"[0, 0, 0]","[0, 0, 0]","[0, 0, 0]","[0, 0, 0]","[115.56569596917141, -260.40945231345376, -277.27508176983724]","[0, 0, 0]","[0.7713297438743629, -1.946455335060417, 0.42211336837722324]","[0, 0, 0]"
78,78,baseline_20260822_180915,1787418632,5.0,398000000000000.0,7566209.89822595,0.26510603789662673,0.08726646259971647,10.241054832763073,"[10461.209506077257, 10921.468143301194, 18096.220458940545]",68,686.8851436094858,9.839315971540756e-05,"[[4.2412656772421125, -0.7584266309961009, 30.124418639396943], [-34.97055410900626, -25.471614851529292, -17.275037317421436], [31.859701286180567, 26.8895656003576, -4.391776377383166], [2.045624488499563, 4.532589662816145, -12.96609504122063], [4.587937484829757, -10.903802335734598, -3.0883342169826493], [32.60146771238551, -8.445523645912102, -0.6536669346929439]]",6,"[0, 0, 0]","[0, 0, 0]","[0, 0, 0]","[0, 0, 0]","[82.71712705767467, -701.2495672467448, 424.23996217766245]","[0, 0, 0]","[0.5027656651257949, -0.9094329524422793, -0.20318102734186194]","[0, 0, 0]"
79,79,baseline_20260822_180915,1787418633,5.0,398000000000000.0,7048297.399340057,0.10397288850540358,0.08726646259971647,158.70182304515868,"[103280.66285026622, 212322.06626435468, 310168.69812107575]",33,337.8809820431096,9.527752766660011e-05,"[[-2.4397228232154657, -9.56310897162759, 31.433059399438864], [-37.30557822467718, -6.1035670690477914, -26.63465489536394], [26.807931905044775, 13.278569557844635, -21.09100713104364], [15.819098497925426, 3.5918652807281757, 10.875229783408257], [3.6639836355597915, 4.897179574246185, -3.067312789420897], [-14.841702685445268, -4.991372660437646, 26.638975637581655]]",6,"[0, 0, 0]","[0, 0, 0]","[0, 0, 0]","[0, 0, 0]","[-123.41624538839272, 61.75937620160078, -48.670183765684726]","[0, 0, 0]","[2.7778563481521994, -0.7861233655193179, -0.8907811736894632]","[0, 0, 0]"
80,80,baseline_20260822_180915,1787418634,5.0,398000000000000.0,7606668.281857541,0.013816435229214555,0.08726646259971647,291.9279847212054,"[88234.47786832743, 580102.682465937, 618133.2180820971]",68,688.0434860901278,9.48236641603376e-06,"[[-11.59128058074222, 26.97015522547643, 26.63611555846277], [34.36840495796998, -10.602242353930354, 16.162032196094607], [-11.41900765514592, 24.54583683994036, 3.52072533305242], [5.0104592125269845, 12.309095096363839, 3.942590286806045], [35.13437275453768, -21.05808573141479, 23.68739189406517], [-10.514335577617622, 0.04089217425705693, -4.415588101624019]]",6,"[0, 0, 0]","[0, 0, 0]","[0, 0, 0]","[0, 0, 0]","[-181.38614093795766, 123.7355402975831, 171.61149055928067]","[0, 0, 0]","[0.11714149497113603, 0.21285270728385344, -0.633765883018927]","[0, 0, 0]"
81,81,baseline_20260822_180915,1787418635,15.0,398000000000000.0,8036221.092920382,0.25385507326014195,0.2617993877991494,317.56515213008487,"[97853.0545956695, 546469.3890070758, 552072.5007783021]",66,661.7548654830107,6.283919701599184e-05,"[[13.541559054627314, 23.331645568940427, 35.07480784767581], [5.541673564163883, -7.203903879309391, 44.39835538898489], [-15.701311323336466, 13.411953411436365, 4.556412203259924], [2.4198896266967074, -7.756680375422395, -10.195783516846129], [12.139772586668094, -37.558844368694245, -11.180971576777422], [1.789517515751779, 14.436676319760842, -7.974511871822845]]",6,"[0, 0, 0]","[0, 0, 0]","[0, 0, 0]","[0, 0, 0]","[-305.57333746599136, -697.4762510196939, 42.7080876151289]","[0, 0, 0]","[2.663935869078448, 0.4676876781895095, 0.5714426299702159]","[0, 0, 0]"
82,82,baseline_20260822_180915,1787418636,15.0,398000000000000.0,7446708.983035236,0.17799246066908625,0.2617993877991494,381.9341098613348,"[239125.19441237632, 254123.8161892741, 355046.29897857725]",44,441.811240950016,3.7734803852488446e-06,"[[-13.77666868663537, 4.231055853385343, -0.059829052909416564], [2.5450450937734947, 12.466580854194072, -8.999579314579304], [-5.838438576263517, 3.197215080778948, 3.7776797474839015], [-19.0517802886429, 9.577536827164199, 19.786658269276575], [32.80433814166674, -18.379278754352804, 4.2651940118689655], [7.888456671237368, -10.59388567973379, -0.9900011025823305]]",6,"[0, 0, 0]","[0, 0, 0]","[0, 0, 0]","[0, 0, 0]","[-229.07935063435124, 320.3749085935819, -29.076074533888118]","[0, 0, 0]","[1.3959658733104097, -2.1087302941927053, -1.2574816772024493]","[0, 0, 0]"
83,83,baseline_20260822_180915,1787418637,15.0,398000000000000.0,7476029.68787222,0.14977054352591934,0.2617993877991494,349.4948188631887,"[179738.2383516328, 273210.1483875079, 274182.78815200005]",52,521.0846605710336,3.761665261788e-05,"[[-8.449098059551197, 8.844048952508643, -0.8138470921490732], [-5.3445961414017225, -30.697928345856788, -26.383245574969244], [-5.514353460858477, 13.137039138890211, -0.32454167339733914], [2.459533982596796, 3.30008973802008, -13.600856506920536], [-7.3421702789266465, -2.3209501635450267, -6.206799441473792], [26.56134421990293, -14.964003081024769, 19.14496621202486]]",6,"[0, 0, 0]","[0, 0, 0]","[0, 0, 0]","[0, 0, 0]","[-540.8693866588052, 564.0833718047526, 45.24112730079549]","[0, 0, 0]","[-1.503844527757378, 1.2096784192775905, -2.3090038325107343]","[0, 0, 0]"
84,84,baseline_20260822_180915,1787418638,15.0,398000000000000.0,7197763.588036502,0.03475835757124217,0.2617993877991494,413.5859054050659,"[183189.28479356275, 483734.750595849, 568663.2935883964]",49,493.522021463472,4.318480960498655e-05,"[[-1.5080363061823627, 5.820962155433985, 0.2971532539252587], [-13.173514752504415, 5.028522854648277, -4.525984038285393], [14.457798918964619, 4.959626607844695, 7.699719260945023], [-4.895813466303747, -7.409357479157645, -1.114725074866597], [19.745311424158842, 4.923502504134905, 33.043817833052735], [30.156859490799814, -5.755586020331429, -6.126471327676743]]",6,"[0, 0, 0]","[0, 0, 0]","[0, 0, 0]","[0, 0, 0]","[-36.82416159563919, 54.89581415195928, 54.92406764388833]","[0, 0, 0]","[1.2025541880365807, 1.4402962244587376, 1.33037708845827]","[0, 0, 0]"
85,85,baseline_20260822_180915,1787418639,15.0,398000000000000.0,7942829.14931197,0.12277658134754166,0.2617993877991494,69.62198657157482,"[43090.32859569716, 79512.35702281485, 112951.96007859889]",37,376.6392024880145,9.836389013741749e-05,"[[-2.0108861592035403, 1.9719601188895257, -7.742249534666715], [-5.215131363166885, -0.7516137535449361, -6.073081683822502], [-6.830535710213671, -2.8624871586729457, -22.92306285271173], [4.923485653225902, 16.010358395200672, -16.454132531019294], [-20.607711674648804, 5.5695740472453386, 28.911352776045728], [10.018762063032897, -14.26849366688168, -40.46588051236421]]",6,"[0, 0, 0]","[0, 0, 0]","[0, 0, 0]","[0, 0, 0]","[-201.30012617109762, -283.2549031211164, 10.225886287509725]","[0, 0, 0]","[-1.9431046166229422, 0.452914771296078, 2.359232268219609]","[0, 0, 0]"
86,86,baseline_20260822_180915,1787418640,15.0,398000000000000.0,7746607.303152394,0.02927126688396002,0.2617993877991494,273.8172460814632,"[244298.02118224037, 404500.39127042907, 513600.15678537945]",40,406.5080809318281,7.038401564333458e-05,"[[2.580981725673466, 4.8686427689172715, -7.700588517745261], [1.3002084126072018, 8.306953992911048, -3.651906761100849], [-3.055397125295439, -11.95951678211094, -4.442962683686388], [37.649067539238025, 16.010674978301136, 23.55453654429672], [-4.448960400284584, -14.185446636426006, 1.278065667968677], [-0.08671806523340256, -7.681003839918007, 26.255394654003275]]",6,"[0, 0, 0]","[0, 0, 0]","[0, 0, 0]","[0, 0, 0]","[648.3442059653767, -308.5450949192247, 238.01774640818118]","[0, 0, 0]","[1.807806454375207, -0.7666396302560563, 1.040184424222173]","[0, 0, 0]"
87,87,baseline_20260822_180915,1787418641,15.0,398000000000000.0,7226518.147899681,0.22536727802712547,0.2617993877991494,284.1320013791747,"[237562.32347904614, 300354.6412156222, 356989.59005912876]",44,445.712382364384,4.6801128083317906e-05,"[[0.9050861358102386, 9.809416084114702, -8.046916929921304], [6.270777884963232, -27.222624298674493, -13.074468123143069], [2.427122517385519, -8.47363993125169, 4.151682643720044], [14.67908520250114, -9.400241896853357, -2.55619552327793], [-1.399073697610152, 32.7795832293383, 9.838776701825635], [32.68703977127034, 7.24437214591967, -31.414973983659657]]",6,"[0, 0, 0]","[0, 0, 0]","[0, 0, 0]","[0, 0, 0]","[-13.75819369753004, 1.9447896132697235, -19.959211509097855]","[0, 0, 0]","[-0.5108324820140754, -2.7489150058917065, -0.24917763891480102]","[0, 0, 0]"
88,88,baseline_20260822_180915,1787418642,15.0,398000000000000.0,7482314.79579965,0.16523148476057659,0.2617993877991494,64.76130169169772,"[13302.152562314199, 22745.164480467807, 24882.567949517637]",61,619.0931554596996,3.510496452836657e-05,"[[0.18695946840459488, 2.4375493116736653, -6.630087364443595], [-7.651817177992112, 18.601121538845476, -4.369657674257449], [-3.4245661475896054, -9.576289953128416, 5.285290694651339], [11.574471246214468, 33.424831328438486, -13.112954734013002], [13.571212297384358, 13.21213355764406, 4.340268293799918], [1.5626928300630336, 3.3169159101161396, -4.521387168687433]]",6,"[0, 0, 0]","[0, 0, 0]","[0, 0, 0]","[0, 0, 0]","[378.2652525473027, 91.40805226347011, 580.5229332957834]","[0, 0, 0]","[-0.46560608334799863, -0.6571538831336312, 1.9626758119420664]","[0, 0, 0]"
89,89,baseline_20260822_180915,1787418643,15.0,398000000000000.0,7973696.993982378,0.21879815161996138,0.2617993877991494,169.6058940267487,"[18491.635340796245, 78491.76078175088, 92786.41083059294]",41,416.9125134506237,3.859438056189535e-05,"[[-12.627608340724652, 7.4540540699859985, 18.71162589455744], [4.8086349952957885, 3.3653573814156412, -9.932762700487773], [-5.602703483856361, -3.3781013357578313, 14.60793138204468], [9.184959271377467, 24.850664247346607, -4.488148025869118], [-13.241111041726972, 6.072055680666248, 3.5019174124928694], [-5.025827537623807, -24.929614897369056, -6.199322232582737]]",6,"[0, 0, 0]","[0, 0, 0]","[0, 0, 0]","[0, 0, 0]","[31.02313576572327, 68.77330050448137, 10.820327241482785]","[0, 0, 0]","[-1.6605844067591395, 1.8109290718586182, -0.011654751236154707]","[0, 0, 0]"
90,90,baseline_20260822_180915,1787418644,15.0,398000000000000.0,7697802.753503815,0.20281294198373187,0.2617993877991494,125.3475824180676,"[107856.13275398537, 109845.96312340705, 124812.29492219101]",70,702.1450394903725,7.306466257085699e-05,"[[26.3753316811392, 25.963419894650375, -25.266659434124982], [6.332940652200616, -27.978063832619746, -20.772872104720072], [2.518913723314124, -9.66966234361668, 33.540516332404934], [10.308546441447003, 25.834453704480595, -16.80489469455681], [-7.3413479469534835, -4.2193767205897625, 5.862155151457615], [-21.20564748643224, 6.842947987308204, 5.989339667879985]]",6,"[0, 0, 0]","[0, 0, 0]","[0, 0, 0]","[0, 0, 0]","[-295.54825440159425, -244.1225639518501, -127.62845966103173]","[0, 0, 0]","[1.9995377005717232, -1.1636273311431398, 0.30636351475971535]","[0, 0, 0]"
91,91,baseline_20260822_180915,1787418645,15.0,398000000000000.0,8033844.91375754,0.22553575910871546,0.2617993877991494,412.0809100303111,"[143483.67967490005, 756296.4024214501, 839442.9503368826]",59,594.627562477107,1.7763784399196115e-05,"[[22.116935470896404, 29.27100287896369, 28.849279633717348], [17.340846368158836, 18.765069198211254, 6.416276122310996], [15.461627337213097, -17.25641179435413, 9.286141734149817], [-14.95558125892137, -1.5232743320702604, 23.177218926673007], [-2.441228728739471, 1.8144713438480449, -27.32138497499211], [-6.086961837330244, 0.16443882651082836, 32.97375891614696]]",6,"[0, 0, 0]","[0, 0, 0]","[0, 0, 0]","[0, 0, 0]","[-135.2843782817646, 411.2615109011085, -220.58692410226072]","[0, 0, 0]","[-0.642738695963252, -1.4406293445720748, 0.16106428607314857]","[0, 0, 0]"
92,92,baseline_20260822_180915,1787418646,15.0,398000000000000.0,7327665.728547544,0.22562680590023432,0.2617993877991494,270.44240752010074,"[145381.32845507856, 255274.5826239423, 386648.33857801324]",84,844.8267531888608,5.1898028918710786e-05,"[[-14.271878293030367, 24.50668389751211, -4.036610829985302], [-17.08207613484149, 14.739995203007359, -32.00969134707405], [33.381152114115054, 13.634576411096894, -5.017345055799459], [-0.5437485624585597, 3.634809234699789, -4.055064613808119], [34.29521418094106, -18.855791562301413, 15.048388611439066], [-14.791366940362234, 6.748491968817477, 1.6183931528714282]]",6,"[0, 0, 0]","[0, 0, 0]","[0, 0, 0]","[0, 0, 0]","[515.9851502177839, -729.777090293417, -320.7128636574113]","[0, 0, 0]","[0.7703314254862489, 1.2946578758103082, 1.4789308596554538]","[0, 0, 0]"
93,93,baseline_20260822_180915,1787418647,15.0,398000000000000.0,7697013.775586047,0.06280858945794134,0.2617993877991494,34.50281218795198,"[6859.057287672855, 26518.13382672, 30631.93852574263]",67,674.2377854476993,6.361447798789981e-05,"[[-8.458481495633682, -14.23012359066295, 10.750325787680678], [-4.271167745257089, 30.1346411303271, -15.999174277846668], [-10.247403287525987, 0.06786825624574337, 8.924768065636291], [12.368179228986197, 3.060002631124914, -2.903103330955126], [-2.3828335268944842, -2.653104777341926, 4.556892928497068], [6.477655524157722, 28.788161100260773, -21.98450984624478]]",6,"[0, 0, 0]","[0, 0, 0]","[0, 0, 0]","[0, 0, 0]","[33.10377013186528, 776.4015360802474, 168.87953130060797]","[0, 0, 0]","[-0.6730433439626415, 0.5984231919457896, -0.39600426614021195]","[0, 0, 0]"
94,94,baseline_20260822_180915,1787418648,15.0,398000000000000.0,7578066.228865477,0.203295838931169,0.2617993877991494,262.2325821055446,"[275319.7786357904, 368308.934332992, 457916.27085268486]",54,542.7363580120011,1.2029274322855609e-05,"[[3.932335808742274, -7.642470241901995, 1.8931064915694957], [4.346193363734581, -37.55171786226899, 12.98936662260473], [28.774757146250646, 23.466073536597893, -24.933065010963446], [-13.873411357015963, 39.00907186586303, 3.5100835624586484], [28.868518015414853, -8.199604597391454, -22.68037733753022], [-12.784902168231708, 2.0135327148784166, 45.02359886459775]]",6,"[0, 0, 0]","[0, 0, 0]","[0, 0, 0]","[0, 0, 0]","[30.190146266869757, -87.1557516759421, -155.8651775885992]","[0, 0, 0]","[0.43152203781952436, -0.044385185200292755, 1.9472339186677818]","[0, 0, 0]"
95,95,baseline_20260822_180915,1787418649,15.0,398000000000000.0,7747046.725470212,0.2175728319681931,0.2617993877991494,314.0268533553466,"[259314.0144887706, 583303.4624399504, 614906.8766177928]",46,469.91033653511226,5.230047861946665e-06,"[[27.969285811253595, 30.701597881706036, 25.047216640949504], [-22.053854169484325, -26.176898481668715, -14.17117774924799], [-34.474763758110264, 25.709245783098215, 20.461068424987666], [17.956648203466667, 5.229419792919033, 21.836417896951456], [-29.962389745253805, -25.11946152324896, 18.38617602234862], [-16.508414050614686, 21.7744129310708, 2.4801938806063326]]",6,"[0, 0, 0]","[0, 0, 0]","[0, 0, 0]","[0, 0, 0]","[-389.3384332702386, -258.05945199832365, -57.06844555865998]","[0, 0, 0]","[-0.2710773722784493, -0.587422123874635, 1.4915353293395532]","[0, 0, 0]"
96,96,baseline_20260822_180915,1787418650,15.0,398000000000000.0,7779060.325539409,0.2600373780322676,0.2617993877991494,419.6914991667002,"[102438.18459788182, 235402.73661012598, 271974.22577516653]",88,889.1167274022756,5.681797150329802e-06,"[[-13.467171231086793, 11.481607874491587, 12.599724620967393], [8.478932043255549, 8.381325119896223, -7.161582085390757], [-36.96449333101897, 19.300098262195682, -3.4255750760792725], [-23.970473299604702, -11.704866685273643, 31.143818392903036], [-15.32820982970094, 16.439377460060562, 25.851242089227892], [22.549075464684105, -5.5776096652767215, 21.42044239556656]]",6,"[0, 0, 0]","[0, 0, 0]","[0, 0, 0]","[0, 0, 0]","[-7.061147000415282, -1.469108155552036, 4.230896510261542]","[0, 0, 0]","[-1.1505458137240772, 1.6884448375665866, 0.12924215556915641]","[0, 0, 0]"
97,97,baseline_20260822_180915,1787418651,15.0,398000000000000.0,7604972.978385183,0.2132374332680606,0.2617993877991494,97.9853348840427,"[17454.82026300587, 126462.9461256814, 136515.03494313484]",74,749.8426687403087,2.2696417322511872e-05,"[[-6.389619606963787, -20.477344324944468, 15.127503973527137], [-1.0311281763250695, -5.579848957418323, 0.2441552044644147], [18.036753530744292, -10.137059065794423, -29.31474405579368], [-7.298490894586426, -33.01448351318796, -29.060722589790085], [-8.796007293620505, 7.064280574960776, 12.794792077655263], [14.527772306576715, 11.918969802692773, -26.31238520927245]]",6,"[0, 0, 0]","[0, 0, 0]","[0, 0, 0]","[0, 0, 0]","[-24.324599811679615, 408.38699992697263, 245.3371925097682]","[0, 0, 0]","[-1.4505390556287896, 1.4557753000784346, 2.1418089979068378]","[0, 0, 0]"
98,98,baseline_20260822_180915,1787418652,15.0,398000000000000.0,7111060.272464777,0.10109062921986661,0.2617993877991494,345.9344622656279,"[112547.40077874198, 432980.90881808393, 464913.9987900297]",56,563.3864917507588,4.855608563832856e-05,"[[-18.562478526873665, -8.17198408180318, 26.11588191055929], [6.455722141802683, -10.674537489227143, 21.478576205884142], [-35.844457105288605, 11.701469535517319, 13.013718779861833], [13.593709428423475, 12.847437547431747, 4.73774542090958], [22.46623286156647, 30.351615256835693, -8.174873970051165], [12.574216192969725, -7.221385360439303, -11.337636136662601]]",6,"[0, 0, 0]","[0, 0, 0]","[0, 0, 0]","[0, 0, 0]","[-294.63207430394135, 225.56918876162572, 318.2255357546973]","[0, 0, 0]","[0.9336176144541618, -0.9342524895259187, -1.9483896006544892]","[0, 0, 0]"
99,99,baseline_20260822_180915,1787418653,15.0,398000000000000.0,7599930.979403183,0.2288180443430323,0.2617993877991494,441.0476630686522,"[176000.35325438261, 330458.69289203663, 504119.98620553606]",39,397.1925648571834,1.0936148586320448e-05,"[[15.270916895715745, 8.164121535892102, 23.660058940071195], [-8.84252665945183, 22.582430926951538, 12.649600320914255], [15.545576018513781, -26.566842140670158, 11.918681577399191], [10.743142213880558, -6.576828720017013, 31.902774689100006], [3.5712486061747475, 3.0597874272398653, -5.761557558225233], [-9.903216599918206, 0.014184185628508848, -17.886992157361608]]",6,"[0, 0, 0]","[0, 0, 0]","[0, 0, 0]","[0, 0, 0]","[-563.3988661353367, -192.22585362483647, -116.47830577181462]","[0, 0, 0]","[-2.343054844909608, -1.0018367350638318, 1.7295209873706556]","[0, 0, 0]"
100,100,baseline_20260822_180915,1787418654,15.0,398000000000000.0,7429148.709029739,0.16628602762901076,0.2617993877991494,127.17064584439001,"[32176.97289012523, 218156.92347992052, 245504.77583360675]",68,681.0546538057581,6.263537540589585e-05,"[[-39.52394041848781, 17.39868715775372, -12.317956974932606], [-18.62345968335175, -4.4023094977606245, 10.510253146403702], [-10.430731999674137, -22.96801735646641, 14.462866644050006], [-17.51719347495807, -1.1676329806224102, 10.78293535519079], [-13.364776951650796, -11.665482021444213, 13.51142282944381], [20.33521397357693, 17.677310520073263, -9.223683711252756]]",6,"[0, 0, 0]","[0, 0, 0]","[0, 0, 0]","[0, 0, 0]","[412.0971024669733, 549.3428222954639, -541.848410844024]","[0, 0, 0]","[2.645848950969451, 0.9845166647182215, 0.7232630578440742]","[0, 0, 0]"
101,101,baseline_20260822_180915,1787418655,60.0,398000000000000.0,7051018.16244929,0.17599131255601944,1.0471975511965976,31.526259779897664,"[31429.41827704886, 40386.29255126194, 68412.77295467591]",48,480.18864600039853,2.3160562615254723e-05,"[[-29.946097142983362, 12.715913907200855, 9.231948862288474], [15.967007841095283, 1.9545691307477207, 37.65118202551682], [-9.26065483669544, -6.494403041513641, 46.261244326276206], [-0.8019528848969082, 6.946359852273646, -2.9322728086861587], [5.562804124496218, 3.384562223920884, 4.381474994446269], [-19.75998299913214, -11.369645037837538, -1.7885983070147025]]",6,"[0, 0, 0]","[0, 0, 0]","[0, 0, 0]","[0, 0, 0]","[108.3635468581403, -422.8077069926653, 373.0978720963135]","[0, 0, 0]","[-2.953965700992626, -0.538085287890946, 0.788940695537707]","[0, 0, 0]"
102,102,baseline_20260822_180915,1787418656,60.0,398000000000000.0,8175673.564404959,0.10644178092792789,1.0471975511965976,421.0293274141467,"[409329.67703669355, 469707.1215022593, 738644.0899822374]",35,358.8906820871142,1.0932559405012424e-06,"[[-3.563681688409019, -11.777766627799954, 4.722038800378958], [16.642951779753037, 35.153153869708184, -2.185407757894695], [-13.427165820246877, -23.480164101033164, 16.526347784313355], [21.494129329007336, -37.746867677499914, -2.52042502033992], [2.989810015941245, 3.321749283357454, -3.074924425830629], [36.65087050366186, 8.042490369334642, -24.728324405414686]]",6,"[0, 0, 0]","[0, 0, 0]","[0, 0, 0]","[0, 0, 0]","[-121.09976498274179, -649.5805082171363, -456.02890572940237]","[0, 0, 0]","[0.15523361910405822, -0.7240177926833586, -2.928967209527747]","[0, 0, 0]"
103,103,baseline_20260822_180915,1787418657,60.0,398000000000000.0,8109029.991368188,0.09604148725252024,1.0471975511965976,148.61513684738307,"[42497.5922575139, 158871.13398284127, 193636.52874640634]",82,820.4331933889714,8.400238695390212e-05,"[[-15.857715378777238, -3.692606584646789, 30.483442136552636], [-42.89414471641613, 8.8588028786207, 18.273260179756996], [16.532953891202748, -17.927279968217615, 28.164231242886455], [3.4198748259661644, 2.468384706318315, 4.197811248112896], [-8.443666470978112, -45.30616879996336, -2.7665891635779136], [-3.7124530841259937, -28.617288309395725, 4.942388038145398]]",6,"[0, 0, 0]","[0, 0, 0]","[0, 0, 0]","[0, 0, 0]","[200.16507658983397, 72.55332244930567, -279.9419821829355]","[0, 0, 0]","[-0.2292525085606793, -2.491341061068945, -1.8930737641789714]","[0, 0, 0]"
104,104,baseline_20260822_180915,1787418658,60.0,398000000000000.0,7245956.983481323,0.25517926909347405,1.0471975511965976,218.0844208189512,"[113701.27309068649, 204644.90833744174, 295628.7019529484]",31,319.9416755050111,2.4316335453003136e-05,"[[-1.6640102917519233, 6.792146944719269, 12.253072744643944], [10.916365247660796, 5.842852063493011, 0.8773614825851344], [-21.35479147483816, -38.009118409760994, 11.942683269034953], [-8.346813012123475, -2.7045049550213482, -4.553158073555351], [15.641054421847441, 15.914129714532612, -12.48929230759529], [-12.858968681089912, -21.812901880408173, 6.313643588855451]]",6,"[0, 0, 0]","[0, 0, 0]","[0, 0, 0]","[0, 0, 0]","[-48.61309247837726, -133.0457169811491, -69.25716376203599]","[0, 0, 0]","[0.24717623005749578, -1.2467377436298037, 0.9456272486603009]","[0, 0, 0]"
105,105,baseline_20260822_180915,1787418659,60.0,398000000000000.0,8155103.338161493,0.17096800282570054,1.0471975511965976,352.8152610029877,"[81125.92450575269, 579212.6440435813, 588632.5650517709]",66,664.6601559202522,9.550134900862852e-05,"[[9.876684658279865, 12.635365837258393, -6.00746393738582], [12.82842760642806, -13.830321038781156, -0.5987250931136188], [30.835732469845755, 0.22611610457826006, 30.662247529658327], [28.606283272428833, 23.73437894840115, 24.023838826761835], [2.9298774186784162, 10.618084494624181, -2.0654591996792586], [-10.15469734306103, 2.4549699314681233, 9.880555023452802]]",6,"[0, 0, 0]","[0, 0, 0]","[0, 0, 0]","[0, 0, 0]","[486.0274688960768, 115.84748294439093, 368.896329254987]","[0, 0, 0]","[0.35900063390272385, -2.276791327529464, -0.6311826752062084]","[0, 0, 0]"
106,106,baseline_20260822_180915,1787418660,60.0,398000000000000.0,7863148.320465617,0.28736369172464954,1.0471975511965976,460.08958370591256,"[418078.28810934833, 561452.0049052576, 719536.4374896174]",50,504.69063702846955,8.687997640688951e-05,"[[13.5167055211554, -5.688441084014516, -2.426600258197164], [4.0208789337101205, 17.00127085089007, 16.282219707877513], [-19.350774275328124, -13.045611061272146, 0.8504147372516303], [10.69665088397509, -28.72404184089682, 7.496217113715852], [-24.700484494940824, -39.70961366180364, 6.215349414930138], [3.8063114899545876, 2.2770223976732007, 2.7641300481305286]]",6,"[0, 0, 0]","[0, 0, 0]","[0, 0, 0]","[0, 0, 0]","[748.1396462839773, 40.23153374210349, -343.1352426269523]","[0, 0, 0]","[0.43260598360617514, -1.6951534412127702, -0.29477569430230044]","[0, 0, 0]"
107,107,baseline_20260822_180915,1787418661,60.0,398000000000000.0,7449644.9742322825,0.2451314782918661,1.0471975511965976,62.89108742995233,"[48162.63921970297, 69126.01585579093, 71228.25134561709]",73,737.6832804085986,6.496651212904724e-06,"[[-14.666105805891943, -14.896831826339938, -3.2347094353668315], [-20.4799423075545, -1.5603081296469052, -1.1574859891130334], [43.38280404432805, -4.212645987932798, 21.77855340791073], [-37.49741678509557, -9.903169872170453, 13.10882464445007], [41.33001207810557, -16.371419868685905, -9.866078633906579], [-3.028536480788443, 11.326153485066875, 3.287253826660076]]",6,"[0, 0, 0]","[0, 0, 0]","[0, 0, 0]","[0, 0, 0]","[-158.34633513398626, -22.015730033456045, 46.260878794852935]","[0, 0, 0]","[1.6260331226515674, -1.618460956978415, 1.65741520366489]","[0, 0, 0]"
108,108,baseline_20260822_180915,1787418662,60.0,398000000000000.0,7229778.779873437,0.15733311403352207,1.0471975511965976,4.252893006239175,"[3023.039295229982, 3185.7917577358116, 4820.261955705412]",79,793.1703199518167,7.621411956513732e-05,"[[-2.6539670287614023, 3.7541805238878805, 2.2540613604356565], [-17.469818110498267, -14.654194950629748, -27.95756461364216], [-1.5188376056836208, -15.56661208139339, 0.6142740542784643], [5.551889140849116, 23.429074095240896, 13.41125960859042], [-38.00682219030668, 25.516803536463126, 6.669214570404548], [35.22505398299521, -7.310065454682858, -28.497594271903566]]",6,"[0, 0, 0]","[0, 0, 0]","[0, 0, 0]","[0, 0, 0]","[-201.01311998252686, 77.94728453318957, -20.135988123888882]","[0, 0, 0]","[0.13594273466229878, 0.26165672691867453, 1.1641707345833847]","[0, 0, 0]"
109,109,baseline_20260822_180915,1787418663,60.0,398000000000000.0,7865329.623664134,0.20450361852976603,1.0471975511965976,491.45843162440923,"[460493.36825169745, 478635.5229000731, 927798.9285122934]",76,769.1975855716037,3.2166793158214505e-05,"[[4.332474587868713, 2.916466258787601, 15.721072171195583], [-2.141212650171257, 14.658191845332919, -3.469170962784434], [0.5687211649576092, -17.637752877607358, -38.247385537850356], [-38.369194347873574, 2.742660168705176, -22.836839758232813], [-1.2682818062203998, -12.806690547006559, -8.95122096312542], [1.9109600642323683, 2.265570225938746, 6.3631267725584895]]",6,"[0, 0, 0]","[0, 0, 0]","[0, 0, 0]","[0, 0, 0]","[-160.6767361930781, -401.39163186748476, -541.5453282896049]","[0, 0, 0]","[-1.7318796900615616, 0.6203928970025319, 2.3781066604345673]","[0, 0, 0]"
110,110,baseline_20260822_180915,1787418664,60.0,398000000000000.0,7576864.617084635,0.05677256662732397,1.0471975511965976,348.3430276982616,"[191741.28819003032, 564303.5886207357, 598912.8548276782]",53,538.4854685405655,5.1726780331296086e-05,"[[-16.010160746819224, -0.06635878029856664, 5.374136477734622], [13.197912371673068, -39.344039221191096, 6.114194308014967], [8.110473108993938, -25.47423329607612, -3.37175535724749], [28.16519895434792, -13.441534482121387, -7.898694262462478], [19.930782735587034, 5.164462734556412, 39.42682895769059], [-10.951053965874646, -0.9435915980171444, 22.057324133534426]]",6,"[0, 0, 0]","[0, 0, 0]","[0, 0, 0]","[0, 0, 0]","[-253.55013820414982, -84.27351513845828, 307.00692401718777]","[0, 0, 0]","[-0.3114972333366276, 1.3595911031757295, -0.35785954884099025]","[0, 0, 0]"
111,111,baseline_20260822_180915,1787418665,60.0,398000000000000.0,7553803.282675164,0.2663371623194937,1.0471975511965976,4.6072095660990655,"[2787.3800807220623, 4260.738481225861, 6699.670875791604]",48,488.90209782113175,4.509387437630177e-05,"[[11.807523000267064, 10.390846021151335, 13.55477382617627], [-5.784755064953937, -2.765484887999799, -29.35786106997201], [22.28319085961125, -33.77208930090092, 9.625102475255753], [11.405597072943431, 8.319617639461693, -14.022669238723909], [-12.613078519218957, -1.6720420139459231, 14.284486527618466], [-15.053409050029948, -16.42951442252522, 31.268748171387806]]",6,"[0, 0, 0]","[0, 0, 0]","[0, 0, 0]","[0, 0, 0]","[-214.167509452617, 507.22344988627793, 278.39858543238006]","[0, 0, 0]","[1.8442095747967218, 0.18498724051352536, -2.3216362345920687]","[0, 0, 0]"
112,112,baseline_20260822_180915,1787418666,60.0,398000000000000.0,7326174.710185038,0.2631585398989652,1.0471975511965976,297.8583288523243,"[140081.35115055033, 261510.18775923466, 318695.09158301295]",87,870.5704889849463,8.78920525098133e-05,"[[34.268353853100464, 5.209836143387187, 7.411464558342732], [-5.1282967323220525, 3.3718600141887407, -6.5500819827134835], [-0.3234233177573138, -7.141493993098148, -1.5863943026140874], [-4.112408794487925, -3.713346873493116, 0.8526925061439339], [-23.245147254791224, 12.266416681370846, -15.236771203206029], [3.016555380338201, -27.835749604991374, 13.156212205149455]]",6,"[0, 0, 0]","[0, 0, 0]","[0, 0, 0]","[0, 0, 0]","[107.66756187253178, -52.971423656694355, -187.19663254568067]","[0, 0, 0]","[0.6559683038805556, -0.7412149603593543, 1.4615407047799789]","[0, 0, 0]"
113,113,baseline_20260822_180915,1787418667,60.0,398000000000000.0,7326004.360786453,0.25361544071517217,1.0471975511965976,73.29196993656961,"[79912.82114846591, 112627.0576746067, 142618.42974582379]",82,828.7859282101596,3.9520718407885455e-05,"[[-14.575471855552477, 46.37075598157905, -5.972213963797742], [32.499990554964704, -1.6299270385980928, -5.866398440216533], [13.604184012797031, 14.293651875239506, 26.669747550608204], [-18.117054726794, -13.166922692791973, -14.014588372653273], [10.32938546455977, -19.505589623676734, -7.699986680895659], [9.122013184917995, -17.050446948562186, 4.4707534634164885]]",6,"[0, 0, 0]","[0, 0, 0]","[0, 0, 0]","[0, 0, 0]","[-364.8876856112368, 109.1373340585089, -445.97802501138045]","[0, 0, 0]","[-0.4367556857827186, 1.7384957286111293, 0.49626376105974707]","[0, 0, 0]"
114,114,baseline_20260822_180915,1787418668,60.0,398000000000000.0,8191083.807151159,0.09542615423291642,1.0471975511965976,110.61934542006897,"[76537.75528595832, 96551.5289551467, 145129.8632962285]",60,602.957471862328,3.0263080838741542e-05,"[[20.819507311782786, 20.50680384733139, -31.986922229541413], [4.691295221587742, -22.689686241744067, 13.502561142162183], [-17.229452786286252, -3.2000513303989124, -22.813153293642074], [8.664568228233188, -7.435837237428415, -40.897710385752305], [-35.03980961804439, -17.480863615584354, -25.789916691909905], [-16.138865073743066, 4.624467762969273, -15.622724641818346]]",6,"[0, 0, 0]","[0, 0, 0]","[0, 0, 0]","[0, 0, 0]","[-489.67465250979586, -382.7992279178472, 185.58773129924865]","[0, 0, 0]","[1.0128000169576887, -0.06413238290196442, -1.7366269180500111]","[0, 0, 0]"
115,115,baseline_20260822_180915,1787418669,60.0,398000000000000.0,7735453.250614179,0.23304337940983635,1.0471975511965976,302.3050103280399,"[147964.56252502665, 179984.1073742706, 190815.2531177429]",45,458.49733146935534,2.1337044386421143e-05,"[[19.792959452192054, -27.321775098446484, -13.745166354118524], [0.5790420935611261, -0.7569755306565055, 7.057598693688983], [19.351411880607465, 4.01349232472254, -28.000176692667363], [29.82286794963439, 4.233785610648125, -15.633010317309928], [1.2452281416846176, 19.80850354726897, -14.889450728655234], [-18.15514795352074, -4.17611102417764, 3.7795003961937867]]",6,"[0, 0, 0]","[0, 0, 0]","[0, 0, 0]","[0, 0, 0]","[728.3146079889106, 146.03660155202783, 299.43146417138695]","[0, 0, 0]","[-0.23076129464985082, 2.5128845542373015, -0.5528500377470833]","[0, 0, 0]"
116,116,baseline_20260822_180915,1787418670,60.0,398000000000000.0,7422856.382139522,0.10458077354135442,1.0471975511965976,340.57673088899907,"[130584.30287799505, 509625.78959074395, 584562.6620512729]",33,330.8735788616941,8.761644255038102e-05,"[[10.323246751389712, 9.436544661851826, 4.460753632440826], [-5.819753328107059, 10.56202416656011, -3.6291999876823735], [5.467962431272701, 0.011328349187811029, 2.035981372302014], [34.05683466160828, -4.3202207432975825, -4.834407526888333], [-12.40251387211809, -8.082883492815117, 0.6183938779684168], [-0.0936851138677286, 38.85124353241699, -29.8663374272153]]",6,"[0, 0, 0]","[0, 0, 0]","[0, 0, 0]","[0, 0, 0]","[110.30417960119043, -220.45432870158973, -285.26014976831016]","[0, 0, 0]","[-1.8105476361802006, 0.6563942645332029, -1.1950255363561124]","[0, 0, 0]"
117,117,baseline_20260822_180915,1787418671,60.0,398000000000000.0,7757058.211572144,0.23076847530699932,1.0471975511965976,231.43389606767727,"[25825.621867063077, 140189.37706456054, 155651.1823900768]",84,847.7514514993125,9.03653130051636e-05,"[[20.680735741698147, 14.818895667666485, 16.720972114046116], [-34.433546303560476, -21.19872090223715, -1.3437605521979787], [-0.16239571731273952, 11.757875149563306, 23.624429597479566], [22.762704398346063, 6.508378645221628, -40.43183161336082], [18.2322925920733, 4.138072537184755, -28.022447993346614], [-38.46458304977752, -24.712609616884333, 10.11308213657417]]",6,"[0, 0, 0]","[0, 0, 0]","[0, 0, 0]","[0, 0, 0]","[109.02672159865165, 806.1838119148509, -445.11523582616303]","[0, 0, 0]","[-1.3419113129387057, -0.878099439783574, 0.500314775856179]","[0, 0, 0]"
118,118,baseline_20260822_180915,1787418672,60.0,398000000000000.0,7823131.70389973,0.23636916618513187,1.0471975511965976,291.10765643864494,"[167454.50770453413, 291486.5032931292, 318181.73441707133]",62,626.1500624874516,6.888257429804445e-05,"[[32.51287553009648, 18.41696276032628, 10.629982810661954], [0.4499821524501155, 10.892764153567606, 8.107701526685242], [-16.4278980571889, -9.500869644569114, -17.408233266053518], [-13.61524942233399, -6.093974861812704, -8.096379298804083], [-32.619718981724624, 31.103085065564795, -15.855356652461301], [1.2357988829643065, -11.509210834874617, 12.017545006979338]]",6,"[0, 0, 0]","[0, 0, 0]","[0, 0, 0]","[0, 0, 0]","[-188.7254555916081, 111.15945443084344, 133.2763253344691]","[0, 0, 0]","[0.47998350750967367, -2.5395817195745565, 0.7647172537765694]","[0, 0, 0]"
119,119,baseline_20260822_180915,1787418673,60.0,398000000000000.0,7894648.061702373,0.18977836226081224,1.0471975511965976,260.5951890497782,"[114422.62609508184, 547068.176785497, 594758.8146402632]",34,342.3070520286435,8.662751119234057e-05,"[[10.381309838497973, 47.271779255711195, 9.454605010300817], [3.480536815467059, 5.867233684034444, 2.8719378587101927], [-24.43416337308949, -12.69752210047037, -8.79831414956881], [-8.725727663139617, 45.067981837411594, 13.66195944501568], [-1.1445885346707476, -19.62012570692584, -16.910937996379403], [9.819052195439106, 4.403324478354012, -0.6478498920769769]]",6,"[0, 0, 0]","[0, 0, 0]","[0, 0, 0]","[0, 0, 0]","[51.89867435548385, -8.948837259368835, 31.8646547765133]","[0, 0, 0]","[-1.0261006973606814, -2.1347720036026177, -1.7289588818385742]","[0, 0, 0]"
120,120,baseline_20260822_180915,1787418674,60.0,398000000000000.0,7801363.920473098,0.2079671953001383,1.0471975511965976,143.9260188086788,"[101079.5352556608, 121242.6761988731, 177196.61494208183]",68,684.507031276145,9.011213270726279e-05,"[[1.4387112037527379, -4.888322010983712, 8.74135774727399], [-30.567356267984422, 7.765050389141252, 5.344527440053517], [10.68775439721229, 6.155889145669532, 2.247837379271569], [-39.17853078293152, 11.712949780208094, 9.389787430496826], [-8.630332438053182, 31.63851797653578, 33.388971039009704], [7.130473585770374, -16.636624115808186, 16.30048343018342]]",6,"[0, 0, 0]","[0, 0, 0]","[0, 0, 0]","[0, 0, 0]","[508.9317921993677, 65.39952767364531, -135.1524466188065]","[0, 0, 0]","[0.8575110876812742, 0.8496179687189478, 0.8359944863219505]","[0, 0, 0]"
